word;phon
the;ðə, ði:
be;bi:
of;əv, ɒv
and;ənd, ænd
to;tə, tu:
in;ɪn
have;hæv, həv
it;ɪt
he;hi:
for;fə, fɔ:
they;ðeɪ
you;ju:
not;nɒt
that;ðæt
with;wɪð
she;ʃi:
on;ɒn
do;du:
at;æt, ət
by;baɪ
we;wi:
this;ðɪs
but;bət, bʌt
from;frəm, frɒm
as;əz, æz
or;ɔ:
which;wɪʧ
an;ən, æn
will;wɪl
say;seɪ
would;wʊd, wəd
can;kən, kæn
if;ɪf
all;ɔ:l
there;ðeə
what;wɒt
go;ɡəʊ
so;səʊ
get;get
make;meɪk
who;hu:
up;ʌp
out;aʊt
one;wʌn
see;si:
time;taɪm
know;nəʊ
take;teɪk
when;wɪn
some;sʌm
year;jɪə
could;kʊd, kəd
into;ˈɪntə, ˈɪntu:
then;ðen
two;tu:
well;wel
about;əˈbaʊt
think;θɪŋk
come;kʌm
than;ðən, ðæn
more;mɔ:r
no;nəʊ
now;naʊ
other;ˈʌðə
give;gɪv
only;ˈəʊnli
good;gʊd
just;ʤʌst
these;ði:z
also;ˈɔ:lsəʊ
people;ˈpi:pl
first;fɜ:st
any;ˈeni
new;nju:
very;ˈveri
may;meɪ
way;weɪ
should;ʃʊd, ʃəd
look;lʊk
such;sʌtʃ
use;ju:z
like;laɪk
because;bɪˈkəz, bɪˈkɒz
how;haʊ
find;faɪnd
man;mæn
day;deɪ
between;bɪtˈwi:n
after;ˈɑ:ftə
many;ˈmeni
want;wɒnt
those;ðəʊz
even;ˈi:vn
down;daʊn
three;θri:
back;bæk
thing;θɪŋ
over;ˈəʊvə
tell;tel
last;lɑ:st
through;θru:
must;məst, mʌst
child;ʧaɪld
still;stɪl
here;hɪə
put;pʊt
own;əʊn
too;tu:
government;ˈgʌvənmənt
become;bɪˈkʌm
mean;mi:n
part;pɑ:t
need;ni:d
work;wɜ:k
great;greɪt
case;keɪs
old;əʊld
life;laɪf
leave;li:v
system;ˈsɪstəm
same;seɪm
where;weə
each;i:ʧ
group;gru:p
woman;ˈwʊmən
number;ˈnʌmbə
however;haʊˈevə
seem;si:m
another;əˈnʌðə
might;maɪt
feel;fi:l
show;ʃəʊ
yes;jes
world;wɜ:ld
area;ˈeəriə
house;haʊs
ask;ɑ:sk
company;ˈkʌmpəni
again;əˈgen, əˈɡeɪn
high;haɪ
most;məʊst
course;kɔ:s
problem;ˈprɒbləm
against;əˈgenst, əˈɡeɪnst
under;ˈʌndə
service;ˈsɜ:rvɪs
never;ˈnevər
try;traɪ
place;pleɪs
party;ˈpɑ:ti
call;kɔ:l
school;sku:l
much;mʌʧ
provide;prəˈvaɪd
small;smɔ:l
hand;hænd
something;ˈsʌmθɪŋ
while;waɪl
why;waɪ
keep;ki:p
country;ˈkʌntri
point;pɔɪnt
little;ˈlɪtl
different;ˈdɪfrənt
large;lɑ:ʤ
away;əˈweɪ
off;ɒf
member;ˈmembə
week;wi:k
hold;həʊld
really;ˈri:əli
end;end
four;fɔ:
next;nekst
always;ˈɔ:lweɪz
within;wɪˈðɪn
without;wɪˈðaʊt
local;ˈləʊkl
turn;tɜ:n
state;steɪt
during;ˈdjʊərɪŋ
few;fju:
example;ɪgˈzɑ:mpl
although;ɔ:lˈðəʊ
bring;brɪŋ
word;wɜ:d
before;biˈfɔ:
begin;bɪˈgɪn
family;ˈfæməli
fact;fækt
rather;ˈrɑ:ðə
follow;ˈfɒləʊ
social;ˈsəʊʃl
long;lɒŋ
help;help
start;stɑ:t
five;faɪv
quite;kwaɪt
right;raɪt
write;raɪt
month;mʌnθ
run;rʌn
set;set
every;ˈevri
business;ˈbɪznəs
important;ɪmˈpɔ:tnt
term;tɜ:m
side;saɪd
information;ˌɪnfəˈmeɪʃn
home;həʊm
question;ˈkwestʃən
head;hed
power;ˈpaʊə
change;ʧeɪnʤ
move;mu:v
play;pleɪ
night;naɪt
national;ˈnæʃnəl
order;ˈɔ:də
pay;peɪ
both;bəʊθ
interest;ˈɪntrəst, ˈɪntrest
often;ˈɒfn, ˈɒftən
development;dɪˈveləpmənt
book;bʊk
money;ˈmʌni
young;jʌŋ
eye;aɪ
water;ˈwɔ:tə
form;fɔrm
level;ˈlevl
whether;ˈweðə
british;ˈbrɪtɪʃ
second;ˈsekənd
include;ɪnˈklu:d
early;ˈɜ:rli
hear;hɪə
council;ˈkaʊnsl
market;ˈmɑ:rkɪt
policy;ˈpɒləsi
london;ˈlʌndən
though;ðəʊ
court;kɔ:t
room;ru:m, rʊm
car;kɑ:r
general;ˈʤenrəl
yet;jet
believe;bɪˈli:v
possible;ˈpɒsəbl
perhaps;pəˈhæps, præps
effect;ɪˈfekt
already;ɔ:lˈredi
result;rɪˈzʌlt
line;laɪn
far;fɑ:r
meet;mi:t
big;bɪg
lead;li:d
study;ˈstʌdi
nothing;ˈnʌθɪŋ
live;lɪv
allow;əˈlaʊ
idea;aɪˈdɪə
job;ʤɒb
name;neɪm
body;ˈbɒdi
law;lɔ:
happen;ˈhæpən
authority;əˈθɒrəti, ɔ:ˈθɒrəti
friend;frend
stand;stænd
later;ˈleɪtə
view;vju:
carry;ˈkæri
road;rəʊd
almost;ˈɔ:lməʊst
minister;ˈmɪnɪstə
rate;reɪt
political;pəˈlɪtɪkl
produce;prəˈdju:s, ˈprɒdju:s
together;təˈgeðə
appear;əˈpɪə
six;sɪks
able;ˈeɪbl
late;leɪt
least;li:st
talk;tɔ:k
face;feɪs
hour;ˈaʊə
office;ˈɒfɪs
war;wɔ:
public;ˈpʌblɪk
himself;hɪmˈself
full;fʊl
offer;ˈɒfə
bit;bɪt
since;sɪns
particular;pəˈtɪkjələ
consider;kənˈsɪdə
reason;ˈri:zn
person;ˈpɜ:sn
less;les
report;rɪˈpɔ:rt
suggest;səˈʤest
require;riˈkwaɪə
let;let
once;wʌns
low;ləʊ
period;ˈpɪəriəd
expect;ɪkˈspekt
sit;sɪt
sort;sɔ:t
lot;lɒt
price;praɪs
centre;ˈsentə
society;səˈsaɪəti
door;dɔ:
continue;kənˈtɪnju:
figure;ˈfɪgə
mother;ˈmʌðə
anything;ˈeniθɪŋ
towards;təˈwɔ:dz
city;ˈsɪti
community;kəmˈju:nəti
available;əˈveɪləbl
police;pəˈli:s
add;æd
kind;kaɪnd
lose;lu:z
cost;kɒst
issue;ˈɪʃu:, ˈɪʃju:
control;kənˈtrəʊl
process;ˈprəʊses
ever;ˈevə
action;ˈækʃn
probably;ˈprɒbəbli
fall;fɔ:l
remain;rɪˈmeɪn
position;pəˈzɪʃn
matter;ˈmætə
education;ˌeʤuˈkeɪʃn
today;təˈdeɪ
type;taɪp
buy;baɪ
bad;bæd
remember;rɪˈmembə
research;rɪˈsɜ:tʃ, ˈri:sɜ:tʃ
minute;ˈmɪnɪt, maɪˈnju:t
actually;ˈæktʃuəli
subject;ˈsʌbdʒɪkt, ˈsʌbdʒekt
britain;ˈbrɪtn
speak;spi:k
value;ˈvælju:
programme;ˈprəʊɡræm
age;eɪʤ
force;fɔ:s
act;ækt
health;helθ
million;ˈmɪljən
main;meɪn
receive;rɪˈsi:v
send;send
stop;stɒp
patient;ˈpeɪʃnt
industry;ˈɪndəstri
god;gɒd
decision;dɪˈsɪʒn
bank;bæŋk
father;ˈfɑ:ðə
class;klɑ:s
moment;ˈməʊmənt
decide;dɪˈsaɪd
win;wɪn
church;ʧɜ:ʧ
girl;gɜ:l
until;ənˈtɪl
major;ˈmeɪʤə
street;stri:t
condition;kənˈdɪʃn
several;ˈsevrəl
develop;dɪˈveləp
describe;dɪˈskraɪb
clear;klɪə
economic;ˌi:kəˈnɒmɪk, ˌekəˈnɒmɪk
sure;ʃʊə, ʃɔ:
enough;ɪˈnʌf
itself;ɪtˈself
agree;əˈgri:
mind;maɪnd
paper;ˈpeɪpə
themselves;ðəmˈselvz
therefore;ˈðeəfɔ:
understand;ˌʌndəˈstænd
century;ˈsenʧəri
england;ˈɪŋglənd
section;ˈsekʃn
south;saʊθ
activity;ækˈtɪvəti
including;ɪnˈklu:dɪŋ
upon;əˈpɒn
build;bɪld
involve;ɪnˈvɒlv
read;ri:d
staff;stɑ:f
around;əˈraʊnd
building;ˈbɪldɪŋ
likely;ˈlaɪkli
team;ti:m
among;əˈmʌŋ
reach;ri:ʧ
open;ˈəʊpən
sense;sens
death;deθ
real;ˈri:əl, rɪəl
student;ˈtju:dnt
spend;spend
table;ˈteɪbəl
international;ˌɪntəˈnæʃnəl
experience;ɪkˈspɪəriəns
language;ˈlæŋgwɪʤ
union;ˈju:niən
town;taʊn
management;ˈmænɪʤmənt
department;dɪˈpɑ:tmənt
black;blæk
certain;ˈsɜ:tn
special;ˈspeʃl
return;rɪˈtɜ:n
plan;plæn
draw;drɔ:
particularly;pəˈtɪkjələli
land;lænd
difficult;ˈdɪfɪkəlt
product;ˈprɒdʌkt
committee;kəˈmɪti
either;ˈi:ðə, ˈaɪðə
create;kriˈeɪt
practice;ˈpræktɪs
die;daɪ
north;nɔ:θ
support;səˈpɔ:t
meeting;ˈmi:tɪŋ
evidence;ˈevɪdəns
hope;həʊp
ground;graʊnd
sell;sel
whole;həʊl
west;west
letter;ˈletə
half;hɑ:f
food;fu:d
morning;ˈmɔ:nɪŋ
role;rəʊl
across;əˈkrɒs
third;θɜ:d
game;geɪm
event;ɪˈvent
short;ʃɔ:t
boy;bɔɪ
foot;fʊt
field;fi:ld
cause;kɔ:z
thus;ðʌs
art;ɑ:t
teacher;ˈti:tʃə
range;reɪnʤ
walk;wɔ:k
trade;treɪd
project;ˈprɒʤekt
account;əˈkaʊnt
club;klʌb
shall;ʃæl, ʃəl
stage;steɪʤ
light;laɪt
sometimes;ˈsʌmtaɪmz
else;els
accept;əkˈsept
wait;weɪt
white;waɪt
history;ˈhɪstri
soon;su:n
pass;pɑ:s
free;fri:
parent;ˈpeərənt
material;məˈtɪəriəl
manager;ˈmænɪʤə
ten;ten
care;keə
situation;ˌsɪtʃuˈeɪʃn
record;ˈrekɔ:d, rɪˈkɔ:d
european;ˌjʊərəˈpi:ən
yesterday;ˈjestədeɪ, ˈjestədi
whose;hu:z
training;ˈtreɪnɪŋ
ago;əˈgəʊ
easy;ˈi:zi
lie;laɪ
strong;strɒŋ
apply;əˈplaɪ
base;beɪs
central;ˈsentrəl
raise;reɪz
behind;bɪˈhaɪnd
increase;ɪnˈkri:s, ˈɪŋkri:s
university;ˌju:nɪˈvɜ:səti
common;ˈkɒmən
arm;ɑ:m
watch;wɒtʃ
difference;ˈdɪfrəns
learn;lɜ:n
usually;ˈju:ʒuəli, ˈju:ʒəli
pound;paʊnd
cover;ˈkʌvə
explain;ɪkˈspleɪn
claim;kleɪm
hundred;ˈhʌndrəd
quality;ˈkwɒləti
break;breɪk
relationship;rɪˈleɪʃnʃɪp
date;deɪt
relation;rɪˈleɪʃn
grow;ɡrəʊ
sir;sɜ:
rule;ru:l
window;ˈwɪndəʊ
indeed;ɪnˈdi:d
stay;steɪ
tax;tæks
voice;vɔɪs
air;eə
wife;waɪf
similar;ˈsɪmələ
worker;ˈwɜ:kə
model;ˈmɒdl
data;ˈdeɪtə, ˈdɑ:tə
certainly;ˈsɜ:tənli
human;ˈhju:mən
Europe;ˈjʊərəp
cut;kʌt
structure;ˈstrʌktʃə
unit;ˈju:nɪt
nature;ˈneɪtʃə
necessary;ˈnesəsəri
method;ˈmeθəd
story;ˈstɔ:ri
contain;kənˈteɪn
someone;ˈsʌmwʌn
hospital;ˈhɒspɪtl
everything;ˈevriθɪŋ
reduce;rɪˈdju:s
board;bɔ:d
officer;ˈɒfɪsə
movement;ˈmu:vmənt
detail;ˈdi:teɪl
single;ˈsɪŋgl
establish;ɪˈstæblɪʃ
private;ˈpraɪvət
especially;əˈspeʃəli
personal;ˈpɜ:sənəl
computer;kəmˈpju:tə
simply;ˈsɪmpli
east;i:st
hard;hɑ:d
king;kɪŋ
seven;ˈsevn
award;əˈwɔ:d
president;ˈprezɪdənt
wall;wɔ:l
eight;eɪt
scheme;ski:m
join;dʒɔɪn
amount;əˈmaʊnt
bear;beə
approach;əˈprəʊtʃ
former;ˈfɔ:rmə
bed;bed
achieve;əˈtʃi:v
seek;si:k
property;ˈprɒpəti
accord;əˈkɔ:d
bill;bɪl
chapter;ˈtʃæptə
director;dəˈrektə, daɪˈrektə
deal;di:l
choose;tʃu:z
financial;faɪˈnænʃl, fəˈnænʃl
theory;ˈθɪəri
wish;wɪʃ
charge;tʃɑ:dʒ
leader;ˈli:də
application;ˌæplɪˈkeɪʃn
firm;fɜ:m
wide;waɪd
secretary;ˈsekrətri
lord;lɔ:d
production;prəˈdʌkʃn
share;ʃeə
son;sʌn
poor;pɔ:, pʊə
operation;ˌɒpəˈreɪʃn
foreign;ˈfɒrən
agreement;əˈgri:mənt
opportunity;ˌɒpəˈtju:nəti
fail;feɪl
contract;ˈkɒntrækt
herself;hɜ:ˈself
test;test
march;mɑ:tʃ
chance;tʃɑ:ns
recent;ˈri:snt
simple;ˈsɪmpl
security;sɪˈkjʊərəti
election;ɪˈlekʃn
serve;sɜ:v
picture;ˈpɪktʃə
concerned;kənˈsɜ:nd
source;sɔ:s
american;əˈmerɪkən
occur;əˈkɜ:r
site;saɪt
represent;ˌreprɪˈzent
future;ˈfju:tʃə
used;ju:st
colour;ˈkʌlə
loss;lɒs
various;ˈveəriəs
twenty;ˈtwenti
benefit;ˈbenɪfɪt
animal;ˈænɪml
standard;ˈstændəd
due;dju:
shop;ʃɒp
clearly;ˈklɪəli
top;tɒp
close;kləʊz
purpose;ˈpɜ:pəs
rise;raɪz
kill;kɪl
factor;ˈfæktə
drive;draɪv
music;ˈmju:zɪk
heart;hɑ:t
discuss;dɪˈskʌs
english;ˈɪŋglɪʃ
present;ˈpreznt
pattern;ˈpætn
design;dɪˈzaɪn
April;ˈeɪprəl
royal;ˈrɔɪəl
argue;ˈɑ:ɡju:
prove;pru:v
plant;plɑ:nt
evening;ˈi:vnɪŋ
page;peɪdʒ
fine;faɪn
doctor;ˈdɒktə
performance;pəˈfɔ:məns
june;dʒu:n
population;ˌpɒpjuˈleɪʃn
response;rɪˈspɒns
pressure;ˈpreʃə
wrong;rɒŋ
garden;ˈgɑ:dn
environment;ɪnˈvaɪrənmənt
knowledge;ˈnɒlɪdʒ
basis;ˈbeɪsɪs
despite;dɪˈspaɪt
front;frʌnt
anyone;ˈeniwʌn
piece;pi:s
introduce;ˌɪntrəˈdju:s
pick;pɪk
love;lʌv
instead;ɪnˈsted
series;ˈsɪəri:z
size;saɪz
enjoy;ɪnˈdʒɔɪ
analysis;əˈnæləsɪs
wear;weə
success;səkˈses
tree;tri:
news;nju:z
hair;heə
ensure;ɪnˈʃʊə, ɪnˈʃɔ:
region;ˈri:dʒən
fire;ˈfaɪə
catch;kætʃ
natural;ˈnætʃrəl
enter;ˈentə
near;nɪə
association;əˌsəʊsiˈeɪʃn, əˌsəʊʃiˈeɪʃn
statement;ˈsteɪtmənt
labour;ˈleɪbə
eat;i:t
rest;rest
village;ˈvɪlɪʤ
demand;dɪˈmɑ:nd
principle;ˈprɪnsəpl
space;speɪs
player;ˈpleɪə
list;lɪst
capital;ˈkæpɪtl
arrive;əˈraɪv
refer;rɪˈfɜ:
station;ˈsteɪʃn
attention;əˈtenʃn
choice;tʃɔɪs
individual;ˌɪndɪˈvɪdʒuəl
film;fɪlm
income;ˈɪnkʌm, ˈɪnkəm
step;step
hotel;həʊˈtel
sea;si:
nine;naɪn
thought;θɔ:t
organisation;ˌɔ:ɡənaɪˈzeɪʃn
relate;rɪˈleɪt
feature;ˈfi:tʃə
current;ˈkʌrənt
attempt;əˈtempt
couple;ˈkʌpl
technology;tekˈnɒlədʒi
round;raʊnd
following;ˈfɒləʊɪŋ
affect;əˈfekt
above;əˈbʌv
forward;ˈˈfɔ:wəd
identify;aɪˈdentəti
pull;pʊl
effort;ˈefət
French;frentʃ
cell;sel
scotland;ˈskɒtlənd
cup;kʌp
difficulty;ˈdɪfɪkəlti
treatment;ˈtri:tmənt
legal;ˈli:gl
nice;naɪs
energy;ˈenədʒi
regard;rɪˈgɑ:d
machine;məˈʃi:n
county;ˈkaʊnti
growth;ɡrəʊθ
modern;ˈmɒdn
degree;dɪˈgri:
compare;kəmˈpeə
provision;prəˈvɪʒn
function;ˈfʌŋkʃn
please;pli:z
defence;dɪˈfens
risk;rɪsk
manage;ˈmænɪʤ
whatever;wɒtˈevə
everyone;ˈevriwʌn
behaviour;bɪˈheɪvjə
mile;maɪl
obtain;əbˈteɪn
resource;rɪˈsɔ:s, rɪˈzɔ:s
task;tɑ:sk
college;ˈkɒlɪdʒ
means;mi:nz
final;ˈfaɪnl
thank;θæŋk
hall;hɔ:l
whom;hu:m
science;ˈsaɪəns
announce;əˈnaʊns
finally;ˈfaɪnəli
skill;skɪl
happy;ˈhæpi
user;ˈju:zə
style;staɪl
answer;ˈɑ:nsə
lady;ˈleɪdi
note;nəʊt
investment;ɪnˈvestmənt
mark;mɑ:k
character;ˈkærəktə
economy;ɪˈkɒnəmi
depend;dɪˈpend
horse;hɔ:s
maintain;meɪnˈteɪn
park;pɑ:k
sound;saʊnd
normal;ˈnɔ:ml
red;red
recently;ˈri:sntli
france;frɑ:ns
publish;ˈpʌblɪʃ
army;ˈɑ:mi
feeling;ˈfi:lɪŋ
indicate;ˈɪndɪkeɪt
dog;dɒg
season;ˈsi:zn
total;ˈtəʊtl
serious;ˈsɪəriəs
previous;ˈpri:viəs
floor;flɔ:
suffer;ˈsʌfə
argument;ˈɑ:gjumənt
myself;maɪˈself
significant;sɪgˈnɪfɪkənt
responsibility;rɪˌspɒnsəˈbɪləti
nor;nɔ:
concern;kənˈsɜ:n
prime;praɪm
express;ɪkˈspres
chairman;ˈtʃeəmən
brother;ˈbrʌðə
outside;ˌaʊtˈsaɪd
element;ˈelɪmənt
July;dʒuˈlaɪ
forget;fəˈɡet
avoid;əˈvɔɪd
quickly;ˈkwɪkli
along;əˈlɒŋ
determine;dɪˈtɜ:mɪn
doubt;daʊt
save;seɪv
fund;fʌnd
husband;ˈhʌzbənd
title;ˈtaɪtl
glass;glɑ:s
tend;tend
duty;ˈdju:ti
anyway;ˈeniweɪ
suppose;səˈpəʊz
discussion;dɪˈskʌʃn
finish;ˈfɪnɪʃ
wonder;ˈwʌndə
aspect;ˈæspekt
generally;ˈdʒenrəli
treat;tri:t
throughout;θru:ˈaʊt
united;juˈnaɪtɪd
industrial;ɪnˈdʌstriəl
customer;ˈkʌstəmə
institution;ˌɪnstɪˈtju:ʃn
remove;rɪˈmu:v
profit;ˈprɒfɪt
summer;ˈsʌmə
specific;spəˈsɪfɪk
visit;ˈvɪzɪt
daughter;ˈdɔ:tə
exist;ɪgˈzɪst
encourage;ɪnˈkʌrɪdʒ
appropriate;əˈprəʊpriət
sun;sʌn
leg;leg
nearly;ˈnɪəli
conference;ˈkɒnfərəns
division;dɪˈvɪʒn
reflect;rɪˈflekt
river;ˈrɪvə
measure;ˈmeʒə
listen;ˈlɪsn
procedure;prəˈsi:dʒə
proposal;prəˈpəʊzl
commission;kəˈmɪʃn
stone;stəʊn
box;bɒks
suddenly;ˈsʌdənli
sector;ˈsektə
baby;ˈbeɪbi
assume;əˈsju:m
improve;ɪmˈpru:v
post;pəʊst
throw;θrəʊ
oil;ɔɪl
admit;ədˈmɪt
replace;rɪˈpleɪs
dead;ded
prepare;prɪˈpeə
circumstance;ˈsɜ:kəmstəns, ˈsɜ:kəmstɑ:ns, ˈsɜ:kəmstæns
unless;ənˈles
image;ˈɪmɪdʒ
sorry;ˈsɒri
speaker;ˈspi:kə
client;ˈklaɪənt
mention;ˈmenʃn
military;ˈmɪlətri
successful;səkˈsesfl
disease;dɪˈzi:z
Soviet;ˈsəʊviət, ˈsɒviət
instance;ˈɪnstəns
original;əˈrɪdʒənl
employment;ɪmˈplɔɪmənt
addition;əˈdɪʃn
obviously;ˈɒbviəsli
direction;dəˈrekʃn, daɪˈrekʃn
basic;ˈbeɪsɪk
goal;ɡəʊl
attitude;ˈætɪtju:d
dark;dɑ:k
attack;əˈtæk
intend;ɪnˈtend
fill;fɪl
october;ɒkˈtəʊbə
respect;rɪˈspekt
appeal;əˈpi:l
technique;tekˈni:k
aware;əˈweə
seat;si:t
fight;faɪt
prevent;prɪˈvent
pupil;ˈpju:pl
campaign;kæmˈpeɪn
fish;fɪʃ
version;ˈvɜ:ʃn
okay;əʊˈkeɪ
item;ˈaɪtəm
ability;əˈbɪləti
hit;hɪt
affair;əˈfeə
popular;ˈpɒpjələ
sales;seɪlz
miss;mɪs
refuse;rɪˈfju:z, ˈrefju:s
september;sɛpˈtembə
professional;prəˈfeʃənl
yourself;jɔ:ˈself, jəˈself
advice;ədˈvaɪs
direct;dəˈrekt, daɪˈrekt
exactly;ɪɡˈzæktli
holiday;ˈhɒlədeɪ, ˈhɒlədi
discover;dɪˈskʌvə
germany;ˈdʒɜ:məni
drop;drɒp
sign;saɪn
drug;drʌg
smile;smaɪl
library;ˈlaɪbrəri, ˈlaɪbri
teach;ti:tʃ
america;əˈmerɪkə
surface;ˈsɜ:fɪs
press;pres
reveal;rɪˈvi:l
operate;ˈɒpəreɪt
thousand;ˈθaʊznd
variety;vəˈraɪəti
beyond;bɪˈjɒnd
heavy;ˈhevi
advantage;ədˈvɑ:ntɪdʒ
culture;ˈkʌltʃə
january;ˈdʒænjuəri
push;pʊʃ
competition;ˌkɒmpəˈtɪʃn
parliament;ˈpɑ:ləmənt
goods;gʊdz
maybe;ˈmeɪbi
enable;ɪˈneɪbl
majority;məˈdʒɒrəti
lay;leɪ
extent;ɪkˈstent
worth;wɜ:θ
reference;ˈrefrəns
useful;ˈju:sfl
television;ˈtelɪvɪʒn
memory;ˈmeməri
access;ˈækses
complete;kəmˈpli:t
effective;ɪˈfektɪv
star;stɑ:
payment;ˈpeɪmənt
immediately;ɪˈmi:diətli
sunday;ˈsʌndeɪ, ˈsʌndi
scottish;ˈskɒtɪʃ
cold;kəʊld
blood;blʌd
ready;ˈredi
green;ɡri:n
apart;əˈpɑ:t
facility;fəˈsɪləti
independent;ˌɪndɪˈpendənt
traditional;trəˈdɪʃənl
survey;ˈsɜ:veɪ
bar;bɑ:
york;jɔ:k
context;ˈkɒntekst
district;ˈdɪstrɪkt
easily;ˈi:zəli
check;tʃek
extend;ɪkˈstend
western;ˈwestən
importance;ɪmˈpɔ:tns
ireland;ˈaɪələnd
object;ˈɒbdʒɪkt, ˈɒbdʒekt
planning;ˈplænɪŋ
species;ˈspi:ʃi:z
communication;kəˌmju:nɪˈkeɪʃn
collection;kəˈlekʃn
arise;əˈraɪz
article;ˈɑ:tɪkl
agency;ˈeɪdʒənsi
involved;ɪnˈvɒlvd
bird;bɜ:d
considerable;kənˈsɪdərəbl
card;kɑ:d
realise;ˈri:əlaɪz, ˈrɪəlaɪz
text;tekst
budget;ˈbʌdʒɪt
trouble;ˈtrʌbl
interesting;ˈɪntrəstɪŋ, ˈɪntrestɪŋ
define;dɪˈfaɪn
possibility;ˌpɒsəˈbɪləti
existing;ɪɡˈzɪstɪŋ
physical;ˈfɪzɪkl
aid;eɪd
fear;fɪə
software;ˈsɒftweə
document;ˈdɒkjumənt
supply;səˈplaɪ
German;ˈdʒɜ:mən
solution;səˈlu:ʃn
mouth;maʊθ
December;dɪˈsembə
November;nəʊˈvembə
responsible;rɪˈspɒnsəbl
stock;stɒk
fit;fɪt
examine;ɪɡˈzæmɪn
influence;ˈɪnfluəns
deep;di:p
organization;ˌɔ:ɡənaɪˈzeɪʃn
hill;hɪl
earth;ɜ:θ
damage;ˈdæmɪdʒ
requirement;rɪˈkwaɪəmənt
left;left
medical;ˈmedɪkl
rock;rɒk
weight;weɪt
career;kəˈrɪə
opposition;ˌɒpəˈzɪʃn
recognise;ˈrekəgnaɪz
option;ˈɒpʃn
exchange;ɪksˈtʃeɪndʒ
quarter;ˈkwɔ:tə
opinion;əˈpɪnjən
railway;ˈreɪlweɪ
forest;ˈfɒrɪst
laugh;lɑ:f
sister;ˈsɪstə
hot;hɒt
network;ˈnetwɜ:k
executive;ɪɡˈzekjətɪv
island;ˈaɪlənd
notice;ˈnəʊtɪs
radio;ˈreɪdiəʊ
thirty;ˈθɜ:ti
chair;tʃeə
extra;ˈekstrə
highly;ˈhaɪli
concept;ˈkɒnsept
none;nʌn
attend;əˈtend
target;ˈtɑ:ɡɪt
sale;seɪl
occasion;əˈkeɪʒn
arrangement;əˈreɪndʒməntt
review;rɪˈvju:
match;mætʃ
edge;ɛdʒ
race;reɪs
ball;bɔ:l
employee;ɪmˈplɔɪi:
tomorrow;təˈmɒrəʊ
equipment;ɪˈkwɪpmənt
lack;læk
eventually;ɪˈventʃuəli
sex;seks
oxford;ˈɒksfəd
scale;skeɪl
strategy;ˈstrætədʒi
fully;ˈfʊli
blue;blu:
sport;spɔ:t
length;leŋkθ
fly;flaɪ
failure;ˈfeɪljə
perform;pəˈfɔ:m
hang;hæŋ
gain;geɪn
partner;ˈpɑ:tnə
speech;spi:tʃ
past;pɑ:st
reader;ˈri:də
owner;ˈəʊnə
wood;wʊd
trust;trʌst
band;bænd
peace;pi:s
status;ˈsteɪtəs
below;bɪˈləʊ
crime;kraɪm
essential;ɪˈsenʃl
otherwise;ˈʌðəwaɪz
scene;si:n
Christmas;ˈkrɪsməs
directly;dəˈrektli, daɪˈrektli
male;meɪl
message;ˈmesɪdʒ
travel;ˈtrævl
slightly;ˈslaɪtli
adopt;əˈdɒpt
ahead;əˈhed
contact;ˈkɒntækt
shake;ʃeɪk
protect;prəˈtekt
corner;ˈkɔ:nə
saturday;ˈsætədeɪ, ˈsætədi
interested;ˈɪntrəstɪd, ˈɪntrestɪd
mum;mʌm
confirm;kənˈfɜ:m
safety;ˈseɪfti
primary;ˈpraɪməri
expression;ɪkˈspreʃn
fair;feə
afternoon;ˌɑ:ftəˈnu:n
farm;fɑ:m
marriage;ˈmærɪdʒ
civil;ˈsɪvl
sentence;ˈsentəns
balance;ˈbæləns
league;li:g
trial;ˈtraɪəl
finger;ˈfɪŋgə
nation;ˈneɪʃn
file;faɪl
fifty;ˈfɪfti
environmental;ɪnˌvaɪrənˈmentl
hardly;ˈhɑ:dli
truth;tru:θ
beautiful;ˈbju:tɪfl
branch;brɑ:ntʃ
copy;ˈkɒpi
completely;kəmˈpli:tli
february;ˈfebruəri
obvious;ˈɒbviəs
accident;ˈæksɪdənt
positive;ˈpɒzətɪv
newspaper;ˈnju:zpeɪpə
tea;ti:
kitchen;ˈkɪtʃɪn
wind;wɪnd
official;əˈfɪʃl
shoulder;ˈʃəʊldə
spirit;ˈspɪrɪt
transport;ˈtrænspɔ:t
train;treɪn
senior;ˈsi:niə
reform;rɪˈfɔ:m
normally;ˈnɔ:məli
contribution;ˌkɒntrɪˈbju:ʃn
museum;mˈjuziəm
gas;gæs
nuclear;ˈnju:kliə
cash;kæʃ
associate;əˈsəʊsieɪt, əˈsəʊʃieɪt 
grant;ɡrɑ:nt
debate;dɪˈbeɪt
justice;ˈdʒʌstɪs
strength;streŋkθ
annual;ˈænjuəl
beat;bi:t
pain;peɪn
proportion;prəˈpɔ:ʃn
protection;prəˈtekʃn
agent;ˈeɪdʒənt
imagine;ɪˈmædʒɪn
shape;ʃeɪp
works;wɜ:ks
pair;peə
best;best
queen;kwi:n
media;ˈmi:diə
meaning;ˈmi:nɪŋ
candidate;ˈkændɪdət, ˈkændɪdeɪt
relevant;ˈreləvənt
presence;ˈprezns
August;ˈɔ:ɡəst
vote;vəʊt
employ;ɪmˈplɔɪ
exercise;ˈeksəsaɪz
collect;kəˈlekt
relatively;ˈrelətɪvli
assessment;əˈsesmənt
artist;ˈɑ:tɪst
adult;ˈædʌlt, əˈdʌlt
regional;ˈri:dʒənl
commercial;kəˈmɜ:ʃl
marry;ˈmæri
speed;spi:d
consequence;ˈkɒnsɪkwəns
master;ˈmɑ:stə
Africa;ˈæfrɪkə
consideration;kənˌsɪdəˈreɪʃn
driver;ˈdraɪvə
release;rɪˈli:s
rich;rɪtʃ
latter;ˈlætə
huge;hju:dʒ
understanding;ˌʌndəˈstændɪŋ
impact;ˈɪmpækt
aim;eɪm
practical;ˈpræktɪkl
beginning;bɪˈgɪnɪŋ
credit;ˈkredɪt
appoint;əˈpɔɪnt
stare;steə
apparently;əˈpærəntli
video;ˈvɪdiəʊ
emerge;ɪˈmɜ:dʒ
separate;ˈseprət
safe;seɪf
route;ru:t
key;ki:
deny;dɪˈnaɪ
progress;ˈprəʊɡres
track;træk
reaction;riˈækʃn
danger;ˈdeɪndʒə
link;lɪŋk
belief;bɪˈli:f
chief;tʃi:f
merely;ˈmɪəli
shoot;ʃu:t
regular;ˈreɡjələ
slowly;sləʊli
conclusion;kənˈklu:ʒn
comment;ˈkɒment
winter;ˈwɪntə
observe;əbˈzɜ:v
content;ˈkɒntent
politics;ˈpɒlətɪks
usual;ˈju:ʒuəl, ˈju:ʒəl
flower;ˈflaʊə
additional;əˈdɪʃənl
propose;prəˈpəʊz
distance;ˈdɪstəns
estate;ɪˈsteɪt
path;pɑ:θ
farmer;ˈfɑ:mə
largely;ˈlɑ:dʒli
debt;det
objective;əbˈdʒektɪv
judge;dʒʌdʒ
gold;ɡəʊld
feed;fi:d
skin;skɪn
employer;ɪmˈplɔɪə
active;ˈæktɪv
boat;bəʊt
vehicle;ˈvi:əkl
except;ɪkˈsept
reality;riˈæləti
bag;bæg
weekend;ˌwi:kˈend
writer;ˈraɪtə
complex;ˈkɒmpleks
strike;straɪk
package;ˈpækɪdʒ
injury;ˈɪndʒəri
respond;rɪˈspɒnd
settle;ˈsetl
wine;waɪn
expert;ˈekspɜ:t
ignore;ɪɡˈnɔ:
insurance;ɪnˈʃʊərəns, ɪnˈʃɔ:rəns
alone;əˈləʊn
drink;drɪŋk
connection;kəˈnekʃn
powerful;ˈpaʊəfl
survive;səˈvaɪv
sample;ˈsɑ:mpl
prison;ˈprɪzn
hole;həʊl
nevertheless;ˌnevəðəˈles
battle;ˈbætl
possibly;ˈpɒsəbli
inside;ˌɪnˈsaɪd
currently;ˈkʌrəntli
colleague;ˈkɒli:ɡ
ring;rɪŋ
somebody;ˈsʌmbədi
sight;saɪt
mainly;ˈmeɪnli
arrange;əˈreɪndʒ
conflict;ˈkɒnflɪkt
legislation;ˌledʒɪsˈleɪʃn
confidence;ˈkɒnfɪdəns
painting;ˈpeɪntɪŋ
commitment;kəˈmɪtmənt
concentrate;ˈkɒnsntreɪt
generation;ˌdʒenəˈreɪʃn
clothes;kləʊðz, kləʊz
telephone;ˈtelɪfəʊn
bridge;brɪdʒ
threat;θret
volume;ˈvɒlju:m
middle;ˈmɪdl
introduction;ˌɪntrəˈdʌkʃn
entry;ˈentri
visitor;ˈvɪzɪtə
plus;plʌs
author;ˈɔ:θə
kingdom;ˈkɪŋdəm
impossible;ɪmˈpɒsəbl
domestic;dəˈmestɪk
reply;rɪˈplaɪ
carefully;ˈkeəfəli
administration;ədˌmɪnɪˈstreɪʃn
background;ˈbækɡraʊnd
previously;ˈpri:viəsli
sexual;ˈsekʃuəl
actual;ˈæktʃuəl
cabinet;ˈkæbɪnət
regulation;ˌreɡjuˈleɪʃn
fresh;freʃ
warm;wɔ:m
wage;weɪdʒ
technical;ˈteknɪkl
entirely;ɪnˈtaɪəli
investigation;ɪnˌvestɪˈɡeɪʃn
lift;lɪft
tour;tʊə
cross;krɒs
acquire;əˈkwaɪə
song;sɒŋ
ship;ʃɪp
demonstrate;ˈdemənstreɪt
ordinary;ˈɔ:dnri
extremely;ɪkˈstri:mli
football;ˈfʊtbɔ:l
engine;ˈendʒɪn
bus;bʌs
internal;ɪnˈtɜ:nl
victim;ˈvɪktɪm
cheap;tʃi:p
exhibition;ˌeksɪˈbɪʃn
dad;dæd
phone;fəʊn
somewhere;ˈsʌmweə
consumer;kənˈsju:mə
category;ˈkætəɡəri
commit;kəˈmɪt
prefer;prɪˈfɜ:
row;rəʊ, raʊ
yard;jɑ:d
launch;lɔ:ntʃ
stuff;stʌf
reading;ˈri:dɪŋ
construction;kənˈstrʌkʃn
threaten;ˈθretn
excellent;ˈeksələnt
tradition;trəˈdɪʃn
relief;rɪˈli:f
manner;ˈmænə
housing;ˈhaʊzɪŋ
fairly;ˈfeəli
improvement;ɪmˈpru:vmənt
discipline;ˈdɪsəplɪn
increasingly;ɪnˈkri:sɪŋli
tonight;təˈnaɪt
limit;ˈlɪmɪt
potential;pəˈtenʃl
promote;prəˈməʊt
distribution;ˌdɪstrɪˈbju:ʃn
Japan;dʒəˈpæn
interview;ˈɪntəvju:
description;dɪˈskrɪpʃn
northern;ˈnɔ:ðən
session;ˈseʃn
insist;ɪnˈsɪst
loan;ləʊn
forty;ˈfɔ:ti
existence;ɪɡˈzɪstəns
representative;ˌreprɪˈzentətɪv
repeat;rɪˈpi:t
bind;baɪnd
contrast;ˈkɒntrɑ:st
meal;mi:l
search;sɜ:tʃ
touch;tʌtʃ
traffic;ˈtræfɪk
equally;ˈi:kwəli
straight;streɪt
religious;rɪˈlɪdʒəs
prince;prɪns
retain;rɪˈteɪn
rose;rəʊz
cultural;ˈkʌltʃərəl
joint;dʒɔɪnt
appearance;əˈpɪərəns
gentleman;ˈdʒentlmən
crisis;ˈkraɪsɪs
sleep;sli:p
strange;streɪndʒ
unemployment;ˌʌnɪmˈplɔɪmənt
sheet;ʃi:t
twelve;twelv
famous;ˈfeɪməs
code;kəʊd
coffee;ˈkɒfi
thanks;θæŋks
assess;əˈses
pension;ˈpenʃn
asset;ˈæset
limited;ˈlɪmɪtɪd
consist;kənˈsɪst
deliver;dɪˈlɪvə
conservative;kənˈsɜ:vətɪv
audience;ˈɔ:diəns
soft;sɒft
formal;ˈfɔ:ml
broad;brɔ:d
proper;ˈprɒpə
attract;əˈtrækt
theatre;ˈθɪətə
contribute;kənˈtrɪbju:t, ˈkɒntrɪbju:t
mountain;ˈmaʊntən
quick;kwɪk
freedom;ˈfri:dəm
reject;rɪˈdʒekt
dinner;ˈdɪnə
vary;ˈveəri
flat;flæt
quiet;ˈkwaɪət
writing;ˈraɪtɪŋ
magazine;ˌmæɡəˈzi:n
plate;pleɪt
explanation;ˌekspləˈneɪʃn
finance;ˈfaɪnæns, faɪˈnæns, fəˈnæns
flight;flaɪt
challenge;ˈtʃælɪndʒ
impose;ɪmˈpəʊz
selection;sɪˈlekʃn
capacity;kəˈpæsəti
youth;ju:θ
favour;ˈfeɪvə
examination;ɪɡˌzæmɪˈneɪʃn
output;ˈaʊtpʊt
rural;ˈrʊərəl
belong;bɪˈlɒŋ
initial;ɪˈnɪʃl
spring;sprɪŋ
substantial;səbˈstænʃl
conversation;ˌkɒnvəˈseɪʃn
whereas;ˌweərˈæz
invite;ɪnˈvaɪt
victory;ˈvɪktəri
aircraft;ˈeəkrɑ:ft
intention;ɪnˈtenʃn
reduction;rɪˈdʌkʃn
unable;ʌnˈeɪbl
lovely;ˈlʌvli
decade;ˈdekeɪd, dɪˈkeɪd
rain;reɪn
Christian;ˈkrɪstʃən
average;ˈævərɪdʒ
warn;wɔ:n
declare;dɪˈkleə
definition;ˌdefɪˈnɪʃn
promise;ˈprɒmɪs
lip;lɪp
twice;twaɪs
leading;ˈli:dɪŋ
reasonable;ˈri:znəbl
egg;eg
factory;ˈfæktri, ˈfæktəri
dream;dri:m
onto;ˈɒntə, ˈɒntu
surely;ˈʃʊəli, ˈʃɔ:li
suitable;ˈsu:təbl
address;əˈdres
castle;ˈkɑ:sl
destroy;dɪˈstrɔɪ
sing;sɪŋ
fast;fɑ:st
fourth;fɔ:θ
immediate;ɪˈmi:diət
detailed;ˈdi:teɪld
overall;ˌəʊvərˈɔ:l
equal;ˈi:kwəl
hide;haɪd
divide;dɪˈvaɪd
offence;əˈfens
Edinburgh;ˈedɪnbrə
working;ˈwɜ:kɪŋ
channel;ˈtʃænl
Paris;ˈpærɪs
concentration;ˌkɒnsnˈtreɪʃn
acid;ˈæsɪd
error;ˈerə
bright;braɪt
module;ˈmɒdju:l
transfer;trænsˈfɜ:, ˈtrænsfɜ:
undertake;ˌʌndəˈteɪk
appointment;əˈpɔɪntmənt
recommend;ˌrɛkəˈmɛnd
everybody;ˈɛvriˌbɑdi
combine;ˈkɑmbaɪn
enterprise;ˈɛnərˌpraɪz
sufficient;səˈfɪʃənt
democratic;ˌdɛməˈkrætɪk
absence;ˈæbsəns
eastern;ˈistərn
worry;ˈwəri
tape;teɪp
weapon;ˈwɛpən
birth;bərθ
nobody;ˈnoʊˌbɑˌdi
settlement;ˈsɛtəlmənt
bottom;ˈbɑtəm
growing;groʊɪŋ
teaching;ˈtiʧɪŋ
ought;ɔt
Irish;ˈaɪrɪʃ
assembly;əˈsɛmbli
recognize;ˈrɛkəgˌnaɪz
educational;ˌɛʤəˈkeɪʃənəl
correct;kərˈɛkt
criticism;ˈkrɪtɪˌsɪzəm
scientific;ˌsaɪənˈtɪfɪk
instruction;ˌɪnˈstrəkʃən
fee;fi
temperature;ˈtɛmpərəʧər
implication;ˌɪmpləˈkeɪʃən
stick;stɪk
whilst;waɪlst
female;ˈfiˌmeɪl
recognition;ˌrɛkɪgˈnɪʃən
cry;kraɪ
bishop;ˈbɪʃəp
handle;ˈhændəl
expensive;ɪkˈspɛnsɪv
institute;ˈɪnstɪˌtut
spread;sprɛd
store;stɔr
component;kəmˈpoʊnənt
waste;weɪst
select;səˈlɛkt
wave;weɪv
kid;kɪd
mental;ˈmɛntəl
solicitor;səˈlɪsətər
frequently;ˈfrikwɛntli
expenditure;ɪkˈspɛndɪʧər
republic;riˈpəblɪk
increased;ˌɪnˈkrist
totally;ˈtoʊtəli
program;ˈproʊˌgræm
publication;ˌpəblɪˈkeɪʃən
absolutely;ˌæbsəˈlutli
murder;ˈmərdər
household;ˈhaʊsˌhoʊld
friday;ˈfraɪˌdeɪ
bottle;ˈbɑtəl
desire;dɪˈzaɪər
bedroom;ˈbɛˌdrum
sequence;ˈsikwəns
critical;ˈkrɪtɪkəl
dangerous;ˈdeɪnʤərəs
treaty;ˈtriti
experiment;ɪkˈspɛrəmənt
guide;gaɪd
welcome;ˈwɛlkəm
weather;ˈwɛðər
neck;nɛk
secure;sɪˈkjʊr
necessarily;ˌnɛsəˈsɛrəli
phase;feɪz
block;blɑk
elsewhere;ˈɛlsˌwɛr
guest;gɛst
partly;ˈpɑrtli
curriculum;kərˈɪkjələm
ear;ɪr
pleasure;ˈplɛʒər
double;ˈdəbəl
screen;skrin
unlikely;ənˈlaɪkli
seriously;ˈsɪriəsli
widely;ˈwaɪdli
conclude;kənˈklud
sum;səm
organise;organise*
pool;pul
afraid;əˈfreɪd
recall;ˈriˌkɔl
initiative;ˌɪˈnɪʃətɪv
trip;trɪp
familiar;fəˈmɪljər
metal;ˈmɛtəl
congress;ˈkɑŋgrəs
properly;ˈprɑpərli
illustrate;ˈɪləˌstreɪt
map;mæp
violence;ˈvaɪələns
focus;ˈfoʊkɪs
imply;ˌɪmˈplaɪ
brain;breɪn
assumption;əˈsəmpʃən
scientist;ˈsaɪəntɪst
realize;ˈriəˌlaɪz
historical;hɪˈstɔrɪkəl
nurse;nərs
display;dɪˈspleɪ
Liverpool;ˈlɪvərˌpul
southern;ˈsəðərn
Monday;ˈmənˌdeɪ
China;ˈʧaɪnə
photograph;ˈfoʊtəˌgræf
ministry;ˈmɪnɪstri
instrument;ˈɪnstrəmənt
captain;ˈkæptən
slow;sloʊ
increasing;ˌɪnˈkrisɪŋ
closely;ˈkloʊsli
investigate;ˌɪnˈvɛstəˌgeɪt
generate;ˈʤɛnərˌeɪt
shout;ʃaʊt
perfect;ˈpərˌfɪkt
daily;ˈdeɪli
learning;ˈlərnɪŋ
theme;θim
gallery;ˈgæləri
dry;draɪ
lane;leɪn
nod;nɑd
cat;kæt
journey;ˈʤərni
valley;ˈvæli
emphasis;ˈɛmfəsɪs
beside;ˌbiˈsaɪd
thousands;ˈθaʊzənz
location;loʊˈkeɪʃən
priority;praɪˈɔrəti
liberal;ˈlɪˌbərəl
combination;ˌkɑmbəˈneɪʃən
heat;hit
interpretation;ˌɪnˌtərprɪˈteɪʃən
sky;skaɪ
spot;spɑt
rely;rɪˈlaɪ
crowd;kraʊd
advise;ədˈvaɪz
crown;kraʊn
coal;koʊl
opening;ˈoʊpənɪŋ
wild;waɪld
urban;ˈərbən
tool;tul
disappear;ˌdɪsəˈpɪr
prospect;ˈprɑspɛkt
revenue;ˈrɛvəˌnu
membership;ˈmɛmbərˌʃɪp
succeed;səkˈsid
earn;ərn
tom;tɑm
flow;floʊ
climb;klaɪm
noise;nɔɪz
tiny;ˈtaɪni
gun;gən
upper;ˈəpər
escape;ɪˈskeɪp
lunch;lənʧ
gate;geɪt
thin;θɪn
troop;trup
approve;əˈpruv
inform;ˌɪnˈfɔrm
criterion;kraɪˈtɪriən
index;ˈɪndɛks
afford;əˈfɔrd
remind;riˈmaɪnd
variation;ˌvɛriˈeɪʃən
faith;feɪθ
apparent;əˈpɛrənt
neither;ˈniðər
corp;ˈkɔrpərˈeɪʃən
professor;prəˈfɛsər
deputy;ˈdɛpjəti
silence;ˈsaɪləns
narrow;ˈnɛroʊ
married;ˈmɛrid
palace;ˈpæləs
dress;drɛs
winner;ˈwɪnər
alternative;ɔlˈtərnətɪv
prepared;priˈpɛrd
motion;ˈmoʊʃən
supposed;səˈpoʊzd
fifteen;ˈfɪfˈtin
mistake;mɪˈsteɪk
literature;ˈlɪtərəʧər
wing;wɪŋ
soldier;ˈsoʊlʤər
tooth;tuθ
incident;ˈɪnsədənt
moral;ˈmɔrəl
derive;dəraɪv
suggestion;səˈʤɛsʧən
Russian;ˈrəʃən
elect;ɪˈlɛkt
aye;aɪ
conduct;ˈkɑndəkt
hell;hɛl
characteristic;ˌkɛrɪktərˈɪstɪk
burn;bərn
border;ˈbɔrdər
Italy;ˈɪtəli
estimate;ˈɛstəˌmeɪt
religion;rɪˈlɪʤən
lake;leɪk
Japanese;ˌʤæpəˈniz
ride;raɪd
foundation;faʊnˈdeɪʃən
attractive;əˈtræktɪv
careful;ˈkɛrfəl
request;rɪkˈwɛst
tall;tɔl
vital;ˈvaɪtəl
leaf;lif
specialist;ˈspɛʃəlɪst
cope;koʊp
empty;ˈɛmti
busy;ˈbɪzi
score;skɔr
passage;ˈpæsɪʤ
representation;ˌrɛprəzɛnˈteɪʃən
effectively;ˈifɛktɪvli
comparison;kəmˈpɛrəsən
persuade;pərsˈweɪd
recover;rɪˈkəvər
clean;klin
guy;gaɪ
device;dɪˈvaɪs
mass;mæs
fruit;frut
Manchester;ˈmænˌʧɛstər
jump;ʤəmp
square;skwɛr
bloody;ˈblədi
restaurant;ˈrɛˌstrɑnt
tone;toʊn
gather;ˈgæðər
shot;ʃɑt
USA;ˈjuˈɛˈseɪ
brief;brif
Australia;ɔˈstreɪljə
marketing;ˈmɑrkətɪŋ
circle;ˈsərkəl
engineering;ˈɛnʤəˈnɪrɪŋ
creation;kriˈeɪʃən
pretty;ˈprɪti
mechanism;ˈmɛkəˌnɪzəm
pub;pəb
clause;klɔz
oppose;əˈpoʊz
observation;ˌɑbzərˈveɪʃən
external;ɪkˈstərnəl
elderly;ˈɛldərli
coast;koʊst
defendant;dɪˈfɛndənt
relative;ˈrɛlətɪv
breath;brɛθ
chain;ʧeɪn
rare;rɛr
badly;ˈbædli
thick;θɪk
ancient;ˈeɪnʧənt
shut;ʃət
neighbour;ˈneɪbər
liability;ˌlaɪəˈbɪlɪti
panel;ˈpænəl
championship;ˈʧæmpiənˌʃɪp
atmosphere;ˈætməsˌfɪr
attach;əˈtæʧ
distinction;dɪˈstɪŋkʃən
capable;ˈkeɪpəbəl
revolution;ˌrɛvəˈluʃən
surprise;səˈpraɪz
pocket;ˈpɑkət
blow;bloʊ
count;kaʊnt
leeds;lidz
leadership;ˈlidərˌʃɪp
impression;ˌɪmˈprɛʃən
negotiation;nɪˌgoʊʃiˈeɪʃən
typical;ˈtɪpɪkəl
welfare;ˈwɛlˌfɛr
slip;slɪp
explore;ɪkˈsplɔr
anybody;ˈɛnibədi
fan;fæn
establishment;ɪˈstæblɪʃmənt
advance;ədˈvæns
fashion;ˈfæʃən
billion;ˈbɪljən
accuse;əˈkjuz
soil;sɔɪl
tank;tæŋk
meanwhile;ˈminˌwaɪl
port;pɔrt
iron;aɪərn
accompany;əˈkəmpəni
trend;trɛnd
ticket;ˈtɪkɪt
origin;ˈɔrəʤən
hate;heɪt
motor;ˈmoʊtər
milk;mɪlk
roll;roʊl
drawing;drɔɪŋ
entire;ɪnˈtaɪər
hence;hɛns
cancer;ˈkænsər
expense;ɪkˈspɛns
roof;rʊf
wonderful;ˈwəndərfəl
constant;ˈkɑnstənt
exclude;ɪkˈsklud
convention;kənˈvɛnʃən
silver;ˈsɪlvər
nineteen;ˈnaɪnˈtin
wash;wɑʃ
beach;biʧ
height;haɪt
fuel;fjuəl
significance;sɪgˈnɪfɪkəns
ideal;aɪˈdil
India;ˈɪndiə
academic;ˌækəˈdɛmɪk
editor;ˈɛdɪtər
bond;bɑnd
withdraw;wɪθˈdrɔ
charity;ˈʧɛrɪti
his;hɪz
vast;væst
champion;ˈʧæmpiən
outcome;ˈaʊtˌkəm
steal;stil
grand;grænd
severe;səˈvɪr
citizen;ˈsɪtɪzən
vision;ˈvɪʒən
shoe;ʃu
minor;ˈmaɪnər
signal;ˈsɪgnəl
warning;ˈwɔrnɪŋ
rail;reɪl
pursue;pərˈsu
achievement;əˈʧivmənt
bone;boʊn
corporate;ˈkɔrpərət
gift;gɪft
expectation;ˌɛkspɛkˈteɪʃən
diet;daɪət
unfortunately;ənˈfɔrʧənətli
enemy;ˈɛnəmi
parish;ˈpɛrɪʃ
manufacturer;ˌmænjəˈfækʧərər
strongly;ˈstrɔŋli
engineer;ˈɛnʤəˈnɪr
servant;ˈsərvənt
corporation;ˌkɔrpərˈeɪʃən
justify;ˈʤəstəˌfaɪ
living;ˈlɪvɪŋ
prisoner;ˈprɪzənər
negative;ˈnɛgətɪv
lesson;ˈlɛsən
notion;ˈnoʊʃən
tenant;ˈtɛnənt
democracy;dɪˈmɑkrəsi
stretch;strɛʧ
fix;fɪks
somewhat;ˈsəmˈwət
lawyer;ˈlɔjər
van;væn
funny;ˈfəni
inflation;ˌɪnˈfleɪʃən
complaint;kəmˈpleɪnt
rapidly;ˈræpədli
plenty;ˈplɛnti
bush;bʊʃ
fundamental;ˌfəndəˈmɛnəl
tear;tɪr
lean;lin
root;rut
councillor;councillor*
Wednesday;ˈwɛnzˌdeɪ
permanent;ˈpərmɑˌnɛnt
similarly;ˈsɪmələrli
pleased;plizd
grey;greɪ
passenger;ˈpæsənʤər
via;ˈviə
amongst;əˈməŋst
spain;speɪn
territory;ˈtɛrɪˌtɔri
ill;ɪl
mine;maɪn
originally;ərˈɪʤənəli
afterwards;ˈæftərwərdz
ourselves;ɑrˈsɛlvz
terrible;ˈtɛrəbəl
finding;ˈfaɪndɪŋ
being;biɪŋ
camp;kæmp
permit;ˈpərˌmɪt
weak;wik
surprised;səˈpraɪzd
nose;noʊz
plane;pleɪn
independence;ˌɪndɪˈpɛndəns
owe;oʊ
desk;dɛsk
hurt;hərt
crucial;ˈkruʃəl
beneath;bɪˈniθ
gap;gæp
supporter;səˈpɔrtər
accommodation;əˌkɑməˈdeɪʃən
boundary;ˈbaʊndəri
lots;lɑts
formation;fɔrˈmeɪʃən
bath;bæθ
inner;ˈɪnər
switch;swɪʧ
transaction;trænˈzækʃən
plastic;ˈplæstɪk
occupy;ˈɑkjəˌpaɪ
subsequent;ˈsəbsəkwənt
connect;kəˈnɛkt
buyer;baɪər
contemporary;kənˈtɛmpərˌɛri
licence;ˈlaɪsəns
resident;ˈrɛzɪdənt
exception;ɪkˈsɛpʃən
appreciate;əˈpriʃiˌeɪt
knock;nɑk
construct;ˈkɑnstrəkt
resolution;ˌrɛzəˈluʃən
brown;braʊn
prior;praɪər
abandon;əˈbændən
column;ˈkɑləm
criminal;ˈkrɪmənəl
virtually;ˈvərʧuəli
engage;ɪnˈgeɪʤ
knee;ni
Roman;ˈroʊmən
topic;ˈtɑpɪk
database;ˈdætəˌbeɪs
dispute;dɪˈspjut
secondary;ˈsɛkənˌdɛri
struggle;ˈstrəgəl
alright;ˌɔˈlraɪt
inquiry;ˌɪnkˈwaɪˌri
politician;ˌpɑləˈtɪʃən
perfectly;ˈpərfəktli
shock;ʃɑk
assistance;əˈsɪstəns
surround;səraʊnd
massive;ˈmæsɪv
dominate;ˈdɑməˌneɪt
gene;ʤin
unique;juˈnik
odd;ɑd
paint;peɪnt
African;ˈæfrɪkɑn
beauty;ˈbjuti
sixty;ˈsɪksti
novel;ˈnɑvəl
quote;kwoʊt
preparation;ˌprɛpərˈeɪʃən
unknown;ənˈnoʊn
Russia;ˈrəʃə
metre;ˈmitər
identity;aɪˈdɛntəˌti
incorporate;ˌɪnˈkɔrpərˌeɪt
breakfast;ˈbrɛkfəst
proceeding;prəˈsidɪŋ
grass;græs
unix;ˈjunɪks
bell;bɛl
currency;ˈkərənsi
complain;kəmˈpleɪn
parliamentary;ˌpɑrləˈmɛntəri
minority;məˈnɔrəti
mill;mɪl
quantity;kˈwɑntəti
sharp;ʃɑrp
proceed;pərˈsid
interpret;ˌɪnˈtərprət
moreover;mɔˈroʊvər
somehow;ˈsəmˌhaʊ
dismiss;dɪsˈmɪs
sick;sɪk
stress;strɛs
blame;bleɪm
spokesman;ˈspoʊksmən
emergency;ˈimərʤənsi
pilot;ˈpaɪlət
involvement;ˌɪnˈvɑlvmənt
phrase;freɪz
premise;ˈprɛmɪs
significantly;sɪgˈnɪfɪkəntli
tension;ˈtɛnʃən
acknowledge;ækˈnɑlɪʤ
alter;ˈɔltər
ninety;ˈnaɪnti
manufacturing;ˌmænjəˈfækʧərɪŋ
expand;ɪkˈspænd
prize;praɪz
defend;dɪˈfɛnd
partnership;ˈpɑrtnərˌʃɪp
thinking;ˈθɪŋkɪŋ
pollution;pəˈluʃən
implement;ˈɪmpləmənt
tower;taʊər
analyse;analyse*
extension;ɪkˈstɛnʃən
naturally;ˈnæʧərəli
communist;ˈkɑmjənəst
arrest;ərˈɛst
calculate;ˈkælkjəˌleɪt
fault;fɔlt
holder;ˈhoʊldər
rarely;ˈrɛrli
protein;ˈproʊˌtin
taste;teɪst
obligation;ˌɑbləˈgeɪʃən
net;nɛt
decline;dɪˈklaɪn
mirror;ˈmɪrər
yours;jʊrz
assist;əˈsɪst
suit;sut
long-term;ˈlɔŋˈtərm
delivery;dɪˈlɪvəri
guilty;ˈgɪlti
resolve;riˈzɑlv
regime;rəˈʒim
possess;pəˈzɛs
framework;ˈfreɪmˌwərk
mix;mɪks
extensive;ɪkˈstɛnsɪv
angry;ˈæŋgri
saving;ˈseɪvɪŋ
constitution;ˌkɑnstəˈtuʃən
depth;dɛpθ
enormous;ɪˈnɔrmɪs
tie;taɪ
alive;əˈlaɪv
lucky;ˈləki
specify;ˈspɛsəˌfaɪ
agricultural;ˌægrɪˈkəlʧərəl
steel;stil
unusual;ənˈjuˌʒuəl
behalf;bɪˈhæf
crew;kru
frame;freɪm
approval;əˈpruvəl
remaining;rɪˈmeɪnɪŋ
advertising;ˈædvərˌtaɪzɪŋ
ward;wɔrd
command;kəˈmænd
string;strɪŋ
governor;ˈgəvərnər
ice;aɪs
tough;təf
setting;ˈsɛtɪŋ
restriction;riˈstrɪkʃən
poem;poʊəm
cycle;ˈsaɪkəl
principal;ˈprɪnsəpəl
yellow;ˈjɛloʊ
wheel;wil
Italian;ˌɪˈtæljən
efficient;ɪˈfɪʃənt
maintenance;ˈmeɪntənəns
load;loʊd
bother;ˈbɑðər
healthy;ˈhɛlθi
anywhere;ˈɛniˌwɛr
possession;pəˈzɛʃən
funding;ˈfəndɪŋ
restore;rɪˈstɔr
coat;koʊt
recommendation;ˌrɛkəmənˈdeɪʃən
boss;bɔs
input;ˈɪnˌpʊt
Chinese;ʧaɪˈniz
mode;moʊd
heavily;ˈhɛvəli
suspect;ˈsəˌspɛkt
restrict;riˈstrɪkt
inch;ɪnʧ
reckon;ˈrɛkən
export;ˈɛkspɔrt
hundreds;ˈhənərdz
unlike;ənˈlaɪk
dear;dɪr
profession;prəˈfɛʃən
proposed;prəˈpoʊzd
protest;ˈproʊˌtɛst
poll;poʊl
conventional;kənˈvɛnʃənəl
plaintiff;ˈpleɪnəf
countryside;ˈkəntriˌsaɪd
voluntary;ˈvɑləntɛri
recession;ˌriˈsɛʃən
distinguish;dɪˈstɪŋgwɪʃ
abroad;əˈbrɔd
boot;but
shareholder;ˈʃɛˌrhoʊldər
urge;ərʤ
occasionally;ɔˈkeɪʒənəˌli
recovery;rɪˈkəvəri
autumn;ˈɔtəm
reputation;ˌrɛpjəˈteɪʃən
agriculture;ˈægrɪˌkəlʧər
constitute;ˈkɑnstəˌtut
quietly;kˈwaɪətli
cottage;ˈkɑtɪʤ
trading;ˈtreɪdɪŋ
comfortable;ˈkəmfərtəbəl
purchase;ˈpərʧəs
habit;ˈhæbət
sugar;ˈʃʊgər
valuable;ˈvæljəbəl
convert;ˈkɑnvərt
landscape;ˈlænˌskeɪp
regularly;ˈrɛgjələrli
mostly;ˈmoʊstli
firmly;ˈfərmli
layer;leɪər
dramatic;drəˈmætɪk
submit;səbˈmɪt
creature;ˈkriʧər
initially;ˌɪˈnɪʃəli
friendly;ˈfrɛndli
judgment;ˈʤəʤmənt
willing;ˈwɪlɪŋ
temporary;ˈtɛmpərˌɛri
thursday;ˈθərzˌdeɪ
bomb;bɔm
guard;gɑrd
presentation;ˌprɛzənˈteɪʃən
empire;ˈɛmpaɪər
eighty;ˈeɪti
penalty;ˈpɛnəlti
electricity;ɪˌlɛkˈtrɪsəti
wake;weɪk
glad;glæd
gently;ˈʤɛntli
wealth;wɛlθ
camera;ˈkæmərə
guess;gɛs
solve;sɑlv
efficiency;ɪˈfɪʃənsi
chest;ʧɛst
shortly;ˈʃɔrtli
tired;taɪərd
keen;kin
statutory;ˈstæʧəˌtɔri
predict;prɪˈdɪkt
golden;ˈgoʊldən
laboratory;ˈlæbrəˌtɔri
lifespan;ˈlaɪfˌspæn
critic;ˈkrɪtɪk
perspective;pərˈspɛktɪv
self;sɛlf
Welsh;wɛlʧ
specifically;spəˈsɪfɪkli
illness;ˈɪlnəs
aside;əˈsaɪd
sudden;ˈsədən
coach;koʊʧ
slight;slaɪt
certificate;sərˈtɪfɪkət
peak;pik
arrival;ərˈaɪvəl
locate;ˈloʊˌkeɪt
preserve;prɪˈzərv
glance;glæns
hat;hæt
resistance;rɪˈzɪstəns
muscle;ˈməsəl
drama;ˈdrɑmə
meat;mit
promotion;pərˈmoʊʃən
variable;ˈvɛriəbəl
hello;hɛˈloʊ
symptom;ˈsɪmptəm
soul;soʊl
bread;brɛd
dependent;dɪˈpɛndənt
Indian;ˈɪndiən
competitive;kəmˈpɛtɪtɪv
cake;keɪk
abuse;əˈbjuz
custom;ˈkəstəm
philosophy;fəˈlɑsəfi
commons;ˈkɑmənz
eleven;ˈilɛvən
alliance;əˈlaɪəns
spending;ˈspɛndɪŋ
federal;ˈfɛdərəl
subsequently;ˈsəbsəkwəntli
zone;zoʊn
co-operation;co-operation*
bid;bɪd
ratio;ˈreɪʃiˌoʊ
producer;prəˈdusər
dollar;ˈdɔlər
angle;ˈæŋgəl
beer;bɪr
radical;ˈrædɪkəl
armed;ɑrmd
stairs;stɛrz
cook;kʊk
Tuesday;ˈtuzˌdeɪ
acceptable;əkˈsɛptəbəl
Cambridge;ˈkeɪmbrɪʤ
invest;ˌɪnˈvɛst
deposit;dɪˈpɑzət
actor;ˈæktər
intervention;ˌɪntərˈvɛnʃən
personality;ˌpərsəˈnælɪti
shift;ʃɪft
expansion;ɪkˈspænʧən
essentially;ɛˈsɛnʃəli
inspector;ˌɪnˈspɛktər
tendency;ˈtɛndənsi
gradually;ˈgræʤuəli
worried;ˈwərid
frequency;ˈfrikwənsi
sensitive;ˈsɛnsɪtɪv
bay;beɪ
deeply;ˈdipli
chancellor;ˈʧænsələr
qualification;kˌwɑləfəˈkeɪʃən
chip;ʧɪp
uncle;ˈəŋkəl
wet;wɛt
core;kɔr
cast;kæst
cloud;klaʊd
rent;rɛnt
chamber;ˈʧeɪmbər
emotional;ˈiˌmoʊʃənəl
frank;fræŋk
investor;ˌɪnˈvɛstər
awareness;əˈwɛrnəs
fixed;fɪkst
retire;ˌriˈtaɪər
adequate;ˈædəkˌweɪt
monitor;ˈmɑnətər
mood;mud
festival;ˈfɛstɪvəl
global;ˈgloʊbəl
rapid;ˈræpɪd
equation;ɪkˈweɪʒən
wedding;ˈwɛdɪŋ
dance;dæns
pipe;paɪp
pure;pjʊr
administrative;ədˈmɪnɪˌstreɪtɪv
recording;rɪˈkɔrdɪŋ
comprehensive;ˌkɑmpriˈhɛnsɪv
rank;ræŋk
honour;ˈɑnər
landlord;ˈlænˌdlɔrd
silent;ˈsaɪlənt
dealer;ˈdilər
kick;kɪk
lords;lɔrdz
substance;ˈsəbstəns
maximum;ˈmæksəməm
remarkable;rɪˈmɑrkəbəl
fifth;fɪθ
mixture;ˈmɪksʧər
pale;peɪl
pour;pɔr
register;ˈrɛʤɪstər
sad;sæd
phenomenon;fəˈnɑməˌnɑn
lock;lɑk
researcher;ˈrisərʧər
tourist;ˈtʊrɪst
celebrate;ˈsɛləˌbreɪt
furniture;ˈfərnɪʧər
discovery;ˌdɪˈskəvri
retirement;rɪˈtaɪərmənt
secret;ˈsikrɪt
breach;briʧ
surprising;səˈpraɪzɪŋ
apple;ˈæpəl
print;prɪnt
intelligence;ˌɪnˈtɛləʤəns
rugby;ˈrəgbi
scope;skoʊp
precisely;prɪˈsaɪsli
mortgage;ˈmɔrgɪʤ
solid;ˈsɑləd
snow;snoʊ
consent;kənˈsɛnt
infection;ˌɪnˈfɛkʃən
comprise;kəmˈpraɪz
disk;dɪsk
guitar;gɪˈtɑr
brilliant;ˈbrɪljənt
routine;ruˈtin
electronic;ˌɪˌlɛkˈtrɑnɪk
golf;gɔlf
rough;rəf
mere;mɪr
absolute;ˈæbsəˌlut
visual;ˈvɪʒəwəl
allowance;əˈlaʊəns
shirt;ʃərt
wooden;ˈwʊdən
hearing;ˈhirɪŋ
enquiry;ɪnkˈwaɪˌri
resist;rɪˈzɪst
detect;dɪˈtɛkt
journal;ˈʤərnəl
sweet;swit
organize;ˈɔrgəˌnaɪz
birthday;ˈbərθˌdeɪ
province;ˈprɑvɪns
Spanish;ˈspænɪʃ
sand;sænd
paragraph;ˈpɛrəˌgræf
medicine;ˈmɛdəsən
emotion;ˈiˌmoʊʃən
jacket;ˈʤækɪt
continuing;kənˈtɪnjuɪŋ
fun;fən
kiss;kɪs
Rome;roʊm
electric;ɪˈlɛktrɪk
salt;sɔlt
successfully;səkˈsɛsfəli
interaction;ˌɪnərˈækʃən
pace;peɪs
cigarette;ˌsɪgəˈrɛt
lad;læd
permission;pərˈmɪʃən
chemical;ˈkɛmɪkəl
hero;ˈhɪroʊ
cricket;ˈkrɪkɪt
gulf;gəlf
judgement;ˈʤəʤmənt
mail;meɪl
reserve;rɪˈzərv
acquisition;ˌækwəˈzɪʃən
overcome;ˈoʊvərˌkəm
breathe;brið
differ;ˈdɪfər
personnel;ˌpərsəˈnɛl
supreme;səˈprim
literary;ˈlɪtərˌɛri
bend;bɛnd
delay;dɪˈleɪ
studio;ˈstudiˌoʊ
guarantee;ˌgɛrənˈti
written;ˈrɪtən
greatly;ˈgreɪtli
stream;strim
curve;kərv
behave;bɪˈheɪv
platform;ˈplætˌfɔrm
demonstration;ˌdɛmənˈstreɪʃən
peasant;ˈpɛzənt
tale;teɪl
dare;dɛr
defeat;dɪˈfit
perception;pərˈsɛpʃən
disaster;dɪˈzæstər
airport;ˈɛrˌpɔrt
throat;θroʊt
genuine;ˈʤɛnjuˌaɪn
adviser;ædˈvaɪzər
duke;duk
witness;ˈwɪtnəs
circuit;ˈsərkət
cool;kul
consumption;kənˈsəmʃən
advanced;ədˈvænst
extreme;ɪkˈstrim
host;hoʊst
knife;naɪf
exciting;ɪkˈsaɪtɪŋ
cheek;ʧik
entrance;ˈɛntrəns
resign;rɪˈzaɪn
widespread;ˈwaɪdˈsprɛd
cream;krim
formula;ˈfɔrmjələ
nineteenth;ˈnaɪnˈtinθ
Israel;ˈɪzriəl
Catholic;ˈkæθlɪk
install;ˌɪnˈstɔl
compensation;ˌkɑmpənˈseɪʃən
respectively;rɪˈspɛktɪvli
earnings;ˈərnɪŋz
swing;swɪŋ
policeman;pəˈlismən
presumably;prɪˈzuməbli
guidance;ˈgaɪdəns
workshop;ˈwərkˌʃɑp
edition;ɪˈdɪʃən
statistics;stəˈtɪstɪks
anger;ˈæŋgər
pack;pæk
classical;ˈklæsɪkəl
relax;rɪˈlæks
compete;kəmˈpit
curtain;ˈkərtən
socialist;ˈsoʊʃəlɪst
favourite;ˈfeɪvərɪt
numerous;ˈnumərəs
clock;klɑk
fishing;ˈfɪʃɪŋ
briefly;ˈbrifli
carpet;ˈkɑrpət
percentage;pərˈsɛnɪʤ
consultant;kənˈsəltənt
survival;sərˈvaɪvəl
distinct;dɪˈstɪŋkt
seed;sid
confident;ˈkɑnfədənt
darkness;ˈdɑrknəs
supplier;səˈplaɪər
tail;teɪl
occupation;ˌɑkjəˈpeɪʃən
priest;prist
lecture;ˈlɛkʧər
journalist;ˈʤərnəlɪst
opposite;ˈɑpəzɪt
mission;ˈmɪʃən
altogether;ˌɔltəˈgɛðər
ownership;ˈoʊnərˌʃɪp
given;ˈgɪvɪn
negotiate;nɪˈgoʊʃiˌeɪt
preference;ˈprɛfərəns
truly;ˈtruli
helpful;ˈhɛlpfəl
found;faʊnd
proud;praʊd
expose;ɪkˈspoʊz
joy;ʤɔɪ
enhance;ɛnˈhæns
split;splɪt
indication;ˌɪndəˈkeɪʃən
distribute;dɪˈstrɪbjut
joke;ʤoʊk
disabled;dɪˈseɪbəld
tip;tɪp
primarily;praɪˈmɛrəli
anxiety;æŋˈzaɪəti
remark;rɪˈmɑrk
rush;rəʃ
stupid;ˈstupɪd
mount;maʊnt
practitioner;prækˈtɪʃənər
everywhere;ˈɛvriˌwɛr
consistent;kənˈsɪstənt
basically;ˈbeɪsɪkli
stable;ˈsteɪbəl
definitely;ˈdɛfənətli
consultation;ˌkɑnsəlˈteɪʃən
fewer;fjuər
inevitably;ˌɪˈnɛvətəbli
observer;əbˈzərvər
developing;dɪˈvɛləpɪŋ
drag;dræg
capture;ˈkæpʧər
measurement;ˈmɛʒərmənt
awful;ˈɔfəl
tackle;ˈtækəl
whenever;wɛˈnɛvər
opponent;əˈpoʊnənt
exceed;ɪkˈsid
operating;ˈɔpərˌeɪtɪŋ
alcohol;ˈælkəˌhɑl
crop;krɑp
sink;sɪŋk
strategic;strəˈtiʤɪk
prayer;prɛr
luck;lək
climate;ˈklaɪmɪt
concerning;kənˈsərnɪŋ
catalogue;ˈkætəˌlɔg
symbol;ˈsɪmbəl
poverty;ˈpɑvərti
mad;mæd
operator;ˈɑpərˌeɪtər
reasonably;ˈrizənəbli
evaluation;ɪˌvæljuˈeɪʃən
implementation;ˌɪmpləmɛnˈteɪʃən
deserve;dɪˈzərv
Asia;ˈeɪʒə
fortune;ˈfɔrʧən
summary;ˈsəməri
borrow;ˈbɑˌroʊ
satisfied;ˈsætɪsˌfaɪd
emphasise;emphasise*
sweep;swip
barrier;ˈbɛriər
interval;ˈɪntərvəl
outstanding;ˌaʊtˈstændɪŋ
clinical;ˈklɪnɪkəl
constantly;ˈkɑnstəntli
qualify;kˈwɑləˌfaɪ
sheep;ʃip
minimum;ˈmɪnəməm
pitch;pɪʧ
pause;pɔz
aunt;ɔnt
processing;ˈprɑsɛsɪŋ
conscious;ˈkɑnʃəs
dominant;ˈdɑmənənt
stomach;ˈstəmək
publisher;ˈpəblɪʃər
holy;ˈhoʊli
constitutional;ˌkɑnstəˈtuʃənəl
moon;mun
remote;rɪˈmoʊt
theoretical;ˌθiərˈɛtɪkəl
architecture;ˈɑrkəˌtɛkʧər
transform;ˈtrænsfɔrm
democrat;ˈdɛməˌkræt
dimension;dɪˈmɛnʃən
schedule;ˈskɛʤʊl
enthusiasm;ɪnˈθuziˌæzəm
anxious;ˈæŋʃəs
poet;poʊət
smooth;smuð
princess;ˈprɪnsɛs
burden;ˈbərdən
storage;ˈstɔrɪʤ
tube;tub
related;rɪˈleɪtɪd
bury;ˈbɛri
cease;sis
turnover;ˈtərˌnoʊvər
historian;hɪˈstɔriən
strengthen;ˈstrɛŋθən
confusion;kənfˈjuʒən
assure;əˈʃʊr
residential;ˌrɛzɪˈdɛnʃəl
heaven;ˈhɛvən
vessel;ˈvɛsəl
cheese;ʧiz
provided;prəˈvaɪdɪd
perceive;pərˈsiv
talent;ˈtælənt
replacement;rɪˈpleɪsmənt
Canada;ˈkænədə
seventy;ˈsɛvənti
percent;pərˈsɛnt
impressive;ˌɪmˈprɛsɪv
whisper;ˈwɪspər
nervous;ˈnərvəs
salary;ˈsæləri
accurate;ˈækjərət
spite;spaɪt
eighteen;ˈeɪˈtin
mouse;maʊs
furthermore;ˈfərðərˌmɔr
participate;pɑrˈtɪsəˌpeɪt
dish;dɪʃ
practise;ˈpræktɪs
comfort;ˈkəmfərt
bowl;boʊl
import;ˌɪmˈpɔrt
considerably;kənˈsɪdərəbli
shell;ʃɛl
pot;pɑt
musical;mˈjuzɪkəl
admission;ədˈmɪʃən
economics;ˌɛkəˈnɑmɪks
pose;poʊz
complicated;ˈkɑmpləˌkeɪtəd
sustain;səˈsteɪn
extraordinary;ˌɛkstrəˈɔrdəˌnɛri
lend;lɛnd
tissue;ˈtɪʃu
satisfaction;ˌsætɪsˈfækʃən
designer;dɪˈzaɪnər
shadow;ˈʃæˌdoʊ
honest;ˈɑnəst
smell;smɛl
precise;prɪˈsaɪs
leisure;ˈlɛʒər
label;ˈleɪbəl
proof;pruf
alongside;əˈlɔŋˈsaɪd
cheque;ʧɛk
ultimately;ˈəltəmətli
determination;dɪˌtərməˈneɪʃən
satisfy;ˈsætɪsˌfaɪ
visible;ˈvɪzəbəl
unity;ˈjunɪti
stake;steɪk
plain;pleɪn
approximately;əˈprɑksəmətli
magistrate;ˈmæʤɪˌstreɪt
secondly;ˈsɛkəndli
wire;waɪər
slide;slaɪd
monetary;ˈmɑnəˌtɛri
merchant;ˈmərʧənt
kong;kɔŋg
strain;streɪn
steam;stim
fabric;ˈfæbrɪk
movie;ˈmuvi
hong;hɔŋ
tennis;ˈtɛnɪs
pink;pɪŋk
adapt;əˈdæpt
outline;ˈaʊˌtlaɪn
squad;skwɑd
childhood;ˈʧaɪlˌdhʊd
smoke;smoʊk
amendment;əˈmɛndmənt
profile;ˈproʊˌfaɪl
draft;dræft
readily;ˈrɛdəli
surgery;ˈsərʤəri
lover;ˈləvər
distant;ˈdɪstənt
shopping;ˈʃɑpɪŋ
consult;kənˈsəlt
grade;greɪd
unemployed;ˌənɛmˈplɔɪd
participant;pɑrˈtɪsəpənt
standing;ˈstændɪŋ
breast;brɛst
gentle;ˈʤɛnəl
reward;rɪˈwɔrd
classroom;ˈklæsˌrum
reinforce;ˌriɪnˈfɔrs
conviction;kənˈvɪkʃən
psychological;ˌsaɪkəˈlɑʤɪkəl
tunnel;ˈtənəl
ban;bæn
junior;ˈʤunjər
automatically;ˌɔtəˈmætɪkli
broken;ˈbroʊkən
highlight;ˈhaɪˌlaɪt
pacific;pəˈsɪfɪk
adjust;əˈʤəst
brand;brænd
tight;taɪt
announcement;əˈnaʊnsmɛnt
refugee;ˈrɛfjuʤi
ray;reɪ
aged;ˈeɪʤɪd
composition;ˌkɑmpəˈzɪʃən
fat;fæt
acceptance;əkˈsɛptəns
pride;praɪd
brick;brɪk
violent;ˈvaɪələnt
mystery;ˈmɪstəri
vegetable;ˈvɛʤtəbəl
limitation;ˌlɪmɪˈteɪʃən
structural;ˈstrəkʧərəl
discourse;ˈdɪskɔrs
poetry;ˈpoʊətri
inevitable;ˌɪˈnɛvətəbəl
twin;twɪn
grab;græb
encounter;ɪnˈkaʊnər
deliberately;dɪˈlɪbərətli
architect;ˈɑrkəˌtɛkt
deficit;ˈdɛfəsət
silly;ˈsɪli
sensible;ˈsɛnsəbəl
transition;trænˈzɪʃən
constituency;kənˈstɪʧuənsi
fox;fɑks
guardian;ˈgɑrdiən
participation;pɑrˌtɪsəˈpeɪʃən
venture;ˈvɛnʧər
headquarters;ˈhɛdˌkɔrtərz
newly;ˈnuli
departure;dɪˈpɑrʧər
scream;skrim
entitle;ɪnˈtaɪtəl
confine;kənˈfaɪn
Greek;grik
tongue;təŋ
bathroom;ˈbæθˌrum
summit;ˈsəmɪt
treasury;ˈtrɛʒəri
dig;dɪg
weakness;ˈwiknəs
so-called;ˈsoʊˈkɔld
millions;ˈmɪljənz
deaf;dɛf
temple;ˈtɛmpəl
continuous;kənˈtɪnjuəs
psychology;saɪˈkɑləʤi
sail;seɪl
absorb;əbˈzɔrb
corridor;ˈkɔrɪdər
fourteen;ˌfɔrˈtin
grateful;ˈgreɪtfəl
overseas;ˈoʊvərˈsiz
imagination;ˌɪˌmæʤəˈneɪʃən
thereby;ˈðɛrˈbaɪ
pit;pɪt
storm;stɔrm
crystal;ˈkrɪstəl
expertise;ˌɛkspərˈtiz
chart;ʧɑrt
dozen;ˈdəzən
margin;ˈmɑrʤən
dirty;ˈdərti
entitled;ɛnˈtaɪtəld
pleasant;ˈplɛzənt
sixteen;ˈsɪkˈstin
uncertainty;ənˈsərtənti
album;ˈælbəm
trace;treɪs
rid;rɪd
repair;rɪˈpɛr
arthur;ˈɑrθər
cathedral;kəˈθidrəl
snap;snæp
fulfil;fulfil*
universe;ˈjunəˌvərs
belt;bɛlt
canal;kəˈnæl
concert;ˈkɑnsərt
pretend;priˈtɛnd
pole;poʊl
react;riækt
ceiling;ˈsilɪŋ
sergeant;ˈsɑrʤənt
blind;blaɪnd
personally;ˈpərsənəli
opera;ˈɑprə
prosecution;ˌprɑsəˈkjuʃən
constraint;kənˈstreɪnt
evident;ˈɛvədənt
consciousness;ˈkɑnʃəsnəs
timber;ˈtɪmbər
guideline;ˈgaɪˌdlaɪn
excitement;ɪkˈsaɪtmənt
objection;əˈbʤɛkʃən
cite;saɪt
coalition;ˌkoʊəˈlɪʃən
pen;pɛn
conservation;ˌkɑnsərˈveɪʃən
cattle;ˈkætəl
occasional;ɔˈkeɪʒənəl
delighted;dɪˈlaɪtɪd
gesture;ˈʤɛsʧər
assault;əˈsɔlt
cap;kæp
universal;ˌjunəˈvərsəl
coin;kɔɪn
lease;lis
surprisingly;səˈpraɪzɪŋli
fellow;ˈfɛloʊ
grammar;ˈgræmər
format;ˈfɔrˌmæt
allocate;ˈæləˌkeɪt
shelf;ʃɛlf
commonly;ˈkɑmənli
charter;ˈʧɑrtər
assistant;əˈsɪstənt
completion;kəmˈpliʃən
cow;kaʊ
classic;ˈklæsɪk
purely;ˈpjʊrli
bench;bɛnʧ
tin;tɪn
specimen;ˈspɛsəmən
privilege;ˈprɪvɪlɪʤ
infant;ˈɪnfənt
govern;ˈgəvərn
communicate;kəmˈjunəˌkeɪt
folk;foʊk
clerk;klərk
sixth;sɪksθ
closure;ˈkloʊʒər
equivalent;ɪkˈwɪvələnt
sufficiently;səˈfɪʃəntli
injure;ˈɪnʤər
virtue;ˈvərʧu
loose;lus
taxation;tækˈseɪʃən
shrug;ʃrəg
seize;siz
steady;ˈstɛdi
volunteer;ˌvɑlənˈtɪr
publicity;pəˈblɪsɪti
carbon;ˈkɑrbən
consequently;ˈkɑnsəkˌwɛntli
evolution;ˌɛvəˈluʃən
craft;kræft
medium;ˈmidiəm
agenda;əˈʤɛndə
reception;rɪˈsɛpʃən
creative;kriˈeɪtɪv
diary;ˈdaɪəri
medieval;mɪˈdjivəl
lower;loʊər
printer;ˈprɪnər
ocean;ˈoʊʃən
linguistic;lɪŋgˈwɪstɪk
dust;dəst
portrait;ˈpɔrtrət
closer;ˈkloʊzər
passion;ˈpæʃən
intellectual;ˌɪnəˈlɛkʧuəl
leather;ˈlɛðər
ultimate;ˈəltəmət
earl;ərl
potato;pəˈteɪˌtoʊ
dividend;ˈdɪvɪˌdɛnd
cable;ˈkeɪbəl
detective;dɪˈtɛktɪv
traveller;ˈtrævələr
colin;ˈkoʊlɪn
chicken;ˈʧɪkən
disorder;dɪˈsɔrdər
exploit;ˌɛkˈsplɔɪt
button;ˈbətən
jury;ˈʤʊri
punishment;ˈpənɪʃmənt
accounting;əˈkaʊnɪŋ
pray;preɪ
pig;pɪg
seller;ˈsɛlər
applicant;ˈæplɪkənt
ideology;ˌaɪdiˈɑləʤi
Victorian;vɪkˈtɔriən
evaluate;ɪˈvæljuˌeɪt
desperate;ˈdɛspərɪt
judicial;ʤuˈdɪʃəl
undergo;ˌəndərˈgoʊ
reflection;rɪˈflɛkʃən
sophisticated;səˈfɪstɪˌkeɪtəd
trousers;ˈtraʊzərz
lost;lɔst
potentially;pəˈtɛnʃəli
grace;greɪs
nerve;nərv
rabbit;ˈræbɪt
innovation;ˌɪnəˈveɪʃən
rival;ˈraɪvəl
swim;swɪm
exposure;ɪkˈspoʊʒər
integration;ˌɪnəˈgreɪʃən
eliminate;ɪˈlɪməˌneɪt
horror;ˈhɔrər
purchaser;ˈpərʧəsər
stir;stər
patch;pæʧ
junction;ˈʤəŋkʃən
machinery;məˈʃinəri
revolutionary;ˌrɛvəˈluʃəˌnɛri
conversion;kənˈvərʒən
Australian;ɔˈstreɪljən
vulnerable;ˈvəlnərəbəl
changing;ˈʧeɪnʤɪŋ
discount;ˈdɪskaʊnt
imperial;ˌɪmˈpɪriəl
raw;rɑ
compose;kəmˈpoʊz
audit;ˈɔdɪt
illegal;ˌɪˈligəl
rat;ræt
companion;kəmˈpænjən
strict;strɪkt
borough;bəroʊ
constable;ˈkɑnstəbəl
maker;ˈmeɪkər
convinced;kənˈvɪnst
cotton;ˈkɔtən
flexible;ˈflɛksəbəl
mummy;ˈməmi
native;ˈneɪtɪv
mayor;meɪər
outer;ˈaʊtər
informal;ˌɪnˈfɔrməl
gross;groʊs
convey;kənˈveɪ
hers;hərz
planet;ˈplænət
registration;ˌrɛʤɪˈstreɪʃən
vendor;ˈvɛndər
cliff;klɪf
notably;ˈnoʊtəbli
clever;ˈklɛvər
resignation;ˌrɛzɪgˈneɪʃən
commissioner;kəˈmɪʃənər
terrace;ˈtɛrəs
disc;dɪsk
confront;kənˈfrənt
ease;iz
emperor;ˈɛmpərər
flesh;flɛʃ
commander;kəˈmændər
attraction;əˈtrækʃən
singer;ˈsɪŋər
pope;poʊp
bitter;ˈbɪtər
depression;dɪˈprɛʃən
remedy;ˈrɛmədi
sharply;ˈʃɑrpli
assurance;əˈʃʊrəns
funeral;fˈjunərəl
particle;ˈpɑrtɪkəl
undoubtedly;ənˈdaʊtɪdli
wander;ˈwɑndər
alarm;əˈlɑrm
anticipate;ænˈtɪsəˌpeɪt
burst;bərst
chapel;ˈʧæpəl
essay;ˈɛˌseɪ
slope;sloʊp
stimulus;ˈstɪmjələs
experimental;ɪkˌspɛrɪˈmɛntəl
collective;kəˈlɛktɪv
cousin;ˈkəzən
strip;strɪp
suspend;səˈspɛnd
organ;ˈɔrgən
baker;ˈbeɪkər
villa;ˈvɪlə
friendship;ˈfrɛndʃɪp
mate;meɪt
wise;waɪz
weigh;weɪ
frequent;ˈfrikˌwɛnt
grain;greɪn
chocolate;ˈʧɔklət
destruction;dɪˈstrəkʃən
ethnic;ˈɛθnɪk
incentive;ˌɪnˈsɛnɪv
upstairs;əpˈstɛrz
plot;plɑt
fibre;ˈfaɪbər
allocation;ˌæləˈkeɪʃən
carriage;ˈkɛrəʤ
conception;kənˈsɛpʃən
hurry;ˈhəri
resort;rɪˈzɔrt
sympathy;ˈsɪmpəθi
spiritual;ˈspɪrɪˌʧuəl
wipe;waɪp
collapse;kəˈlæps
pop;pɑp
declaration;ˌdɛklərˈeɪʃən
dose;doʊs
historic;hɪˈstɔrɪk
wrap;ræp
petrol;ˈpɛtroʊl
rational;ˈræʃənəl
garage;gərɑʒ
intense;ˌɪnˈtɛns
ally;ˈælaɪ
directive;dɪˈrɛktɪv
disposal;dɪˈspoʊzəl
roughly;ˈrəfli
attribute;əˈtrɪˌbjut
ambition;æmˈbɪʃən
inspection;ˌɪnˈspɛkʃən
inadequate;ˌɪˈnædəkˌweɪt
accordingly;əˈkɔrdɪŋli
acute;əˈkjut
softly;ˈsɔftli
correspondent;ˌkɔrəˈspɑndənt
jean;ʤin
mortality;mɔrˈtæləti
prominent;ˈprɑmənənt
logical;ˈlɑʤɪkəl
needle;ˈnidəl
Dutch;dəʧ
condemn;kənˈdɛm
fleet;flit
valid;ˈvælɪd
silk;sɪlk
cancel;ˈkænsəl
identification;aɪˌdɛntəfəˈkeɪʃən
weekly;ˈwikli
logic;ˈlɑʤɪk
generous;ˈʤɛnərəs
nowhere;ˈnoʊˌwɛr
electrical;ɪˈlɛktrɪkəl
mineral;ˈmɪnərəl
modify;ˈmɑdəˌfaɪ
molecule;ˈmɑləˌkjul
harm;hɑrm
random;ˈrændəm
calculation;ˌkælkjəˈleɪʃən
withdrawal;wɪθˈdrɔəl
correspond;ˌkɔrəˈspɑnd
modest;ˈmɑdəst
voter;ˈvoʊtər
devise;dɪˈvaɪz
interface;ˈɪnərˌfeɪs
fate;feɪt
reverse;rɪˈvərs
managing;ˈmænəʤɪŋ
angel;ˈeɪnʤəl
asleep;əsˈlip
automatic;ˌɔtəˈmætɪk
dictionary;ˈdɪkʃəˌnɛri
hypothesis;haɪˈpɑθəsəs
dawn;dɔn
shade;ʃeɪd
equity;ˈɛkwəti
era;ˈɪrə
federation;ˌfɛdərˈeɪʃən
entertainment;ˌɛnərˈteɪnmənt
inspire;ˌɪnˈspaɪr
coverage;ˈkəvərɪʤ
complexity;kəmˈplɛksɪti
liable;ˈlaɪəbəl
youngster;ˈjəŋstər
prompt;prɑmpt
competitor;kəmˈpɛtɪtər
kit;kɪt
mutual;mˈjuʧuəl
ruling;ˈrulɪŋ
wholly;ˈhoʊli
bike;baɪk
sigh;saɪ
wherever;wɛˈrɛvər
induce;ˌɪnˈdus
multiple;ˈməltəpəl
grin;grɪn
reliable;rɪˈlaɪəbəl
turkey;ˈtərki
Arab;ˈærəb
atlantic;əˈtlæntɪk
Jew;ʤu
invitation;ˌɪnvɪˈteɪʃən
excuse;ɪkˈskjuz
integrate;ˈɪnəˌgreɪt
pond;pɑnd
isle;aɪl
Jewish;ʤuɪʃ
rubbish;ˈrəbɪʃ
bare;bɛr
crash;kræʃ
disability;ˌdɪsəˈbɪlɪti
fence;fɛns
humour;ˈhjumər
swear;swɛr
trick;trɪk
barely;ˈbɛrli
clinic;ˈklɪnɪk
interior;ˌɪnˈtɪriər
shore;ʃɔr
convince;kənˈvɪns
Latin;ˈlætən
sole;soʊl
stranger;ˈstreɪnʤər
flame;fleɪm
statute;ˈstæʧut
accountant;əˈkaʊntənt
underlying;ˌəndərˈlaɪɪŋ
California;ˌkæləˈfɔrnjə
insight;ˈɪnˌsaɪt
formally;ˈfɔrməli
lamb;læm
processor;ˈprɑˌsɛsər
excess;ˈɛkˌsɛs
hunt;hənt
robin;ˈrɑbɪn
bet;bɛt
domain;doʊˈmeɪn
fragment;ˈfrægmənt
marginal;ˈmɑrʤənəl
satisfactory;ˌsætɪsˈfæktəri
Egypt;ˈiʤɪpt
nearby;ˈnɪrˈbaɪ
cinema;ˈsɪnəmə
removal;rɪˈmuvəl
yield;jild
farming;ˈfɑrmɪŋ
suspicion;səˈspɪʃən
bull;bʊl
pile;paɪl
darling;ˈdɑrlɪŋ
publishing;ˈpəblɪʃɪŋ
identical;aɪˈdɛntɪkəl
loud;laʊd
translate;trænzˈleɪt
exact;ɪgˈzækt
namely;ˈneɪmli
electoral;ɪˈlɛktərəl
anniversary;ˌænəˈvərsəri
ceremony;ˈsɛrəˌmoʊni
saint;seɪnt
acre;ˈeɪkər
gaze;geɪz
knit;nɪt
satellite;ˈsætəˌlaɪt
monopoly;məˈnɑpəli
daddy;ˈdædi
distinctive;dɪˈstɪŋktɪv
pan;pæn
running;ˈrənɪŋ
stability;stəˈbɪlɪti
miner;ˈmaɪnər
oral;ˈɔrəl
shortage;ˈʃɔrtɪʤ
presidential;ˌprɛzɪˈdɛnʃəl
tribunal;trəˈbjunəl
merger;ˈmərʤər
curious;ˈkjʊriəs
jurisdiction;ˌʤʊrɪsˈdɪkʃən
organic;ɔrˈgænɪk
rub;rəb
controversial;ˌkɑntrəˈvərʃəl
explosion;ɪkˈsploʊʒən
pregnant;ˈprɛgnənt
christopher;ˈkrɪstəfər
adjustment;əˈʤəstmənt
allegation;ˌæləˈgeɪʃən
controversy;ˈkɑntrəˌvərsi
shine;ʃaɪn
insect;ˈɪnˌsɛkt
render;ˈrɛndər
lion;laɪən
expected;ɪkˈspɛktɪd
typically;ˈtɪpɪkəli
bite;baɪt
thirteen;ˈθərˈtin
penny;ˈpɛni
statistical;stəˈtɪstɪkəl
swallow;sˈwɔloʊ
specification;ˌspɛsɪfɪˈkeɪʃən
cloth;klɔθ
encouraging;ɪnˈkərəʤɪŋ
tap;tæp
improved;ˌɪmˈpruvd
tide;taɪd
continued;kənˈtɪnjud
greet;grit
urgent;ˈərʤənt
clothing;ˈkloʊðɪŋ
illustration;ˌɪləˈstreɪʃən
colony;ˈkɑləni
devote;dɪˈvoʊt
emission;ɪˈmɪʃən
desirable;dɪˈzaɪərəbəl
banking;ˈbæŋkɪŋ
therapy;ˈθɛrəpi
gastric;ˈgæstrɪk
experienced;ɪkˈspɪriənst
accommodate;əˈkɑməˌdeɪt
admire;ædˈmaɪr
celebration;ˌsɛləˈbreɪʃən
desert;ˈdɛzərt
fiction;ˈfɪkʃən
effectiveness;ˈifɛktɪvnəs
exclusive;ɪkˈsklusɪv
tournament;ˈtʊrnəmənt
receipt;rɪˈsit
episode;ˈɛpɪˌsoʊd
laughter;ˈlæftər
trustee;ˌtrəˈsti
butter;ˈbətər
taxi;ˈtæksi
gear;gɪr
everyday;ˈɛvriˈdeɪ
marked;mɑrkt
raid;reɪd
nursery;ˈnərsəri
overlook;ˈoʊvərˌlʊk
chase;ʧeɪs
initiate;ˌɪˈnɪʃiˌeɪt
accordance;əˈkɔrdəns
comply;kəmˈplaɪ
rope;roʊp
criticise;criticise*
flee;fli
assert;əˈsərt
murmur;ˈmərmər
spell;spɛl
transformation;ˌtrænsfərˈmeɪʃən
full-time;ˈfʊlˌtaɪm
superb;sʊˈpərb
thoroughly;ˈθəroʊli
piano;piˈænə
advertisement;ˌædvərˈtaɪzmənt
traditionally;trəˈdɪʃənəli
graphics;ˈgræfɪks
delight;dɪˈlaɪt
evolve;ɪˈvɑlv
invasion;ˌɪnˈveɪʒən
Bible;ˈbaɪbəl
undermine;ˈəndərˌmaɪn
enforce;ɛnˈfɔrs
stimulate;ˈstɪmjəˌleɪt
wound;wund
battery;ˈbætəri
navy;ˈneɪvi
disturb;dɪˈstərb
discrimination;dɪˌskrɪməˈneɪʃən
hardware;ˈhɑrdˌwɛr
chemistry;ˈkɛmɪstri
abbey;ˈæbi
bulk;bəlk
courage;kərɪʤ
necessity;nəˈsɛsɪti
rebel;ˈrɛbəl
regarding;rɪˈgɑrdɪŋ
unexpected;ˌənɪkˈspɛktɪd
rhythm;ˈrɪðəm
innocent;ˈɪnəsənt
myth;mɪθ
photo;ˈfoʊˌtoʊ
server;ˈsərvər
sheer;ʃɪr
hesitate;ˈhɛzəˌteɪt
provoke;prəˈvoʊk
fighting;ˈfaɪtɪŋ
await;əˈweɪt
adventure;ədˈvɛnʧər
disappointed;ˌdɪsəˈpɔɪnɪd
toy;tɔɪ
eighteenth;ˈeɪˈtinθ
leap;lip
situate;ˈsɪʧuˌeɪt
compound;ˈkɑmpaʊnd
disadvantage;ˌdɪsədˈvænɪʤ
menu;ˈmɛnju
emphasize;ˈɛmfəˌsaɪz
lamp;læmp
proposition;ˌprɑpəˈzɪʃən
wright;raɪt
established;ɪˈstæblɪʃt
restoration;ˌrɛstərˈeɪʃən
toilet;ˈtɔɪlət
wildlife;ˈwaɪlˌdlaɪf
motive;ˈmoʊtɪv
brush;brəʃ
marine;mərˈin
gender;ˈʤɛndər
gang;gæŋ
doctrine;ˈdɔktərɪn
romantic;roʊˈmæntɪk
formerly;ˈfɔrmərli
virus;ˈvaɪrəs
heating;ˈhitɪŋ
lorry;ˈlɔri
airline;ˈɛˌrlaɪn
testing;ˈtɛstɪŋ
interrupt;ˌɪntərˈəpt
required;rikˈwaɪərd
retail;ˈriˌteɪl
artificial;ˌɑrtəˈfɪʃəl
filter;ˈfɪltər
institutional;ˌɪnstɪˈtuʃənəl
mixed;mɪkst
trap;træp
creditor;ˈkrɛdɪtər
flag;flæg
widow;ˈwɪdoʊ
no-one;ˈnoʊwən
magnificent;mægˈnɪfɪsənt
biological;ˌbaɪəˈlɑʤɪkəl
heritage;ˈhɛrɪtɪʤ
clue;klu
diplomatic;ˌdɪpləˈmætɪk
flexibility;ˌflɛksəˈbɪləti
convenient;kənˈvinjənt
tremendous;trɪˈmɛndəs
capitalist;ˈkæpətəlɪst
forgive;fərˈgɪv
leaflet;ˈliflət
spectrum;ˈspɛktrəm
hierarchy;ˈhaɪˌrɑrki
closed;kloʊzd
functional;ˈfəŋkʃənəl
warmth;wɔrmθ
mechanical;məˈkænɪkəl
pensioner;ˈpɛnʃənər
theft;θɛft
reluctant;rɪˈləktənt
grip;grɪp
known;noʊn
uncertain;ənˈsərtən
attendance;əˈtɛndəns
straightforward;ˈstreɪtˈfɔrwərd
indicator;ˈɪndəˌkeɪtər
digital;ˈdɪʤɪtəl
harbour;ˈhɑrbər
loyalty;ˈlɔɪəlti
mentally;ˈmɛnəli
sociology;ˌsoʊsiˈɑləʤi
fraction;ˈfrækʃən
portfolio;pɔrtˈfoʊliˌoʊ
strictly;ˈstrɪktli
successor;səkˈsɛsər
mathematics;ˌmæθəˈmætɪks
recruit;rɪˈkrut
mess;mɛs
dock;dɑk
physically;ˈfɪzɪkəli
pursuit;pərˈsut
hire;haɪər
mutter;ˈmətər
productivity;ˌproʊdəkˈtɪvɪti
frightened;ˈfraɪtənd
probability;ˌprɑbəˈbɪləˌti
fig;fɪg
ghost;goʊst
computing;kəmˈpjutɪŋ
literally;ˈlɪtərəli
forum;ˈfɔrəm
developer;dɪˈvɛləpər
essence;ˈɛsəns
freeze;friz
separation;ˌsɛpərˈeɪʃən
availability;əˌveɪləˈbɪlɪti
painter;ˈpeɪnər
squeeze;skwiz
whereby;wɛrˈbaɪ
premium;ˈprimiəm
spectacular;spɛkˈtækjələr
businessman;ˈbɪznɪsˌmæn
continent;ˈkɑntənənt
refusal;rɪfˈjuzəl
drift;drɪft
graduate;ˈgræʤəˌweɪt
seminar;ˈsɛməˌnɑr
specially;ˈspɛʃəli
tragedy;ˈtræʤədi
equip;ɪkˈwɪp
Korea;ˌkɔˈriə
pat;pæt
breeding;ˈbridɪŋ
verse;vərs
rumour;ˈrumər
part-time;ˈpɑrtˈtaɪm
chap;ʧæp
landing;ˈlændɪŋ
aggressive;əˈgrɛsɪv
justification;ˌʤəstəfəˈkeɪʃən
holding;ˈhoʊldɪŋ
consume;kənˈsum
classification;ˌklæsəfəˈkeɪʃən
naked;ˈneɪkəd
carrier;ˈkɛriər
nail;neɪl
unfair;ˌɔnˈfɛr
builder;ˈbɪldər
Asian;ˈeɪʒən
associated;əˈsoʊʃiˌeɪtəd
superior;suˈpɪriər
duration;ˈdʊˈreɪʃən
analyst;ˈænəlɪst
duck;dək
monthly;ˈmənθli
oxygen;ˈɑksɪʤən
devil;ˈdɛvəl
legislative;ˈlɛʤəsˌleɪtɪv
uniform;ˈjunəˌfɔrm
stroke;stroʊk
delegate;ˈdɛləˌgeɪt
fraud;frɔd
hint;hɪnt
aids;eɪdz
discretion;dɪˈskrɛʃən
lifetime;ˈlaɪfˌtaɪm
receiver;rɪˈsivər
missile;ˈmɪsəl
skirt;skərt
capitalism;ˈkæpɪtəˌlɪzəm
correctly;kərˈɛktli
juice;ʤus
unite;ˈjuˌnaɪt
echo;ˈɛkoʊ
appendix;əˈpɛndɪks
colonel;ˈkərnəl
fluid;fluɪd
lightly;ˈlaɪtli
oak;oʊk
density;ˈdɛnsɪti
spare;spɛr
merit;ˈmɛrət
mud;məd
execute;ˈɛksəˌkjut
sadly;ˈsædli
counter;ˈkaʊntər
float;floʊt
reporter;rɪˈpɔrtər
explicit;ɪkˈsplɪsət
liberty;ˈlɪbərˌti
succession;səkˈsɛʃən
triumph;traɪəmf
sandwich;ˈsænwɪʧ
unhappy;ənˈhæpi
abolish;əˈbɑlɪʃ
avenue;ˈævəˌnu
comparable;ˈkɑmprəbəl
educate;ˈɛʤəˌkeɪt
painful;ˈpeɪnfəl
hunter;ˈhəntər
modification;ˌmɑdəfəˈkeɪʃən
abstract;ˈæbˌstrækt
bureau;ˈbjʊroʊ
installation;ˌɪnstəˈleɪʃən
apartment;əˈpɑrtmənt
hopefully;ˈhoʊpfəli
isolation;ˌaɪsəˈleɪʃən
administer;ədˈmɪnɪstər
confused;kənfˈjuzd
copper;ˈkɑpər
polytechnic;ˌpɑˌliˈtɛknɪk
rod;rɑd
dean;din
diagnosis;ˌdaɪəgˈnoʊsəs
successive;səkˈsɛsɪv
heel;hil
heading;ˈhɛdɪŋ
norm;nɔrm
realistic;ˌriəˈlɪstɪk
allege;əˈlɛʤ
beg;bɛg
compromise;ˈkɑmprəˌmaɪz
residence;ˈrɛzɪdəns
coloured;ˈkələrd
fade;feɪd
whisky;ˈwɪski
dialogue;ˈdaɪəˌlɔg
sculpture;ˈskəlpʧər
breed;brid
defender;dɪˈfɛndər
desperately;ˈdɛspərətli
inn;ɪn
intelligent;ˌɪnˈtɛləʤənt
musician;mjuˈzɪʃən
cupboard;ˈkəbərd
physics;ˈfɪzɪks
subsidy;ˈsəbsɪdi
champagne;ʃæmˈpeɪn
shower;ʃaʊər
speculation;ˌspɛkjəˈleɪʃən
pet;pɛt
palm;pɑm
directory;dɪˈrɛktəri
envisage;ɛnˈvɪzɪʤ
suicide;ˈsuɪˌsaɪd
sensation;sɛnˈseɪʃən
collector;kəˈlɛktər
shame;ʃeɪm
capability;ˌkeɪpəˈbɪləti
ingredient;ˌɪnˈgridiənt
stance;stæns
genetic;ʤəˈnɛtɪk
bean;bin
amazing;əˈmeɪzɪŋ
twentieth;tˈwɛnˌtiɛθ
hungry;ˈhəŋgri
timing;ˈtaɪmɪŋ
autonomy;əˈtɑnəmi
delegation;ˌdɛləˈgeɪʃən
invent;ˌɪnˈvɛnt
update;ˈəpˌdeɪt
nasty;ˈnæsti
reign;reɪn
unnecessary;ənˈnɛsəˌsɛri
trainer;ˈtreɪnər
tactic;ˈtæktɪk
influential;ˌɪnfluˈɛnʃəl
flying;flaɪɪŋ
entity;ˈɛntɪti
assign;əˈsaɪn
exhibit;ɪgˈzɪbɪt
fantasy;ˈfænəsi
sin;sɪn
cater;ˈkeɪtər
clash;klæʃ
consensus;kənˈsɛnsəs
concession;kənˈsɛʃən
midnight;ˈmɪdˌnaɪt
resemble;rɪˈzɛmbəl
tutor;ˈtutər
diagram;ˈdaɪəˌgræm
opt;ɑpt
organism;ˈɔrgəˌnɪzəm
grave;greɪv
shit;ʃɪt
hip;hɪp
twist;twɪst
disclose;dɪˈskloʊz
insert;ˌɪnˈsərt
locally;ˈloʊkəli
skilled;skɪld
fool;ful
ambulance;ˈæmbjələns
forth;fɔrθ
hunting;ˈhəntɪŋ
crack;kræk
killer;ˈkɪlər
regulate;ˈrɛgjəˌleɪt
jet;ʤɛt
liberation;ˌlɪˌbərˈeɪʃən
scholar;ˈskɑlər
intensive;ˌɪnˈtɛnsɪv
giant;ʤaɪənt
offender;əˈfɛndər
tropical;ˈtrɑpɪkəl
trader;ˈtreɪdər
parallel;ˈpɛrəˌlɛl
ridiculous;rɪˈdɪkjələs
concede;kənˈsid
forever;fərˈɛvər
pregnancy;ˈprɛgnənsi
radiation;ˌreɪdiˈeɪʃən
wool;wʊl
decent;ˈdisənt
isolate;ˈaɪsəˌleɪt
resume;ˈrɛzəˌmeɪ
subtle;ˈsətəl
teenager;ˈtiˌneɪʤər
rider;ˈraɪdər
thesis;ˈθiˌsɪs
faint;feɪnt
glory;ˈglɔri
eagle;ˈigəl
riot;raɪət
accent;ˈækˌsɛnt
bastard;ˈbæstərd
preliminary;prɪˈlɪməˌnɛri
marvellous;ˈmɑrvələs
bonus;ˈboʊnəs
partial;ˈpɑrʃəl
subsidiary;səbˈsɪdiˌɛri
incidence;ˈɪnsɪdəns
conceive;kənˈsiv
Easter;ˈistər
lesser;ˈlɛsər
nest;nɛst
persist;pərˈsɪst
alleged;əˈlɛʤd
swimming;sˈwɪmɪŋ
horizon;hərˈaɪzən
auditor;ˈɔdɪtər
Christianity;ˌkrɪsʧiˈænɪti
Commonwealth;ˈkɑmənˌwɛlθ
redundancy;rɪˈdəndənsi
officially;əˈfɪʃəli
lung;ləŋ
inherit;ˌɪnˈhɛrət
separately;ˈsɛpərətli
correlation;ˌkɔrəˈleɪʃən
dull;dəl
occupational;ɑkjəˈpeɪʃənəl
clay;kleɪ
fetch;fɛʧ
instruct;ˌɪnˈstrəkt
vertical;ˈvərtɪkəl
motivation;ˌmoʊtəˈveɪʃən
assignment;əˈsaɪnmənt
boost;bust
incur;ˌɪnˈkər
truck;trək
divorce;dɪˈvɔrs
dot;dɑt
tune;tun
crazy;ˈkreɪzi
facilitate;fəˈsɪləˌteɪt
seventeen;ˈsɛvənˈtin
severely;səˈvɪrli
striker;ˈstraɪkər
backwards;ˈbækwərdz
progressive;prəˈgrɛsɪv
simultaneously;ˌsaɪməlˈteɪniəsli
spin;spɪn
continental;ˌkɑntəˈnɛnəl
integrated;ˈɪnəˌgreɪtɪd
organiser;organiser*
plead;plid
extract;ˈɛkˌstrækt
neat;nit
alternatively;ɔlˈtərnətɪvli
excessive;ɪkˈsɛsɪv
sphere;sfɪr
sword;sɔrd
exceptional;ɪkˈsɛpʃənəl
bye;baɪ
engagement;ɛnˈgeɪʤmənt
interfere;ˌɪnərˈfɪr
cave;keɪv
casualty;ˈkæʒəwəlti
damp;dæmp
elegant;ˈɛləgənt
frown;fraʊn
pavement;ˈpeɪvmənt
steep;stip
casual;ˈkæʒəwəl
lighting;ˈlaɪtɪŋ
flavour;flavour*
basket;ˈbæskət
combined;kəmˈbaɪnd
happily;ˈhæpəli
instinct;ˈɪnstɪŋkt
parameter;pərˈæmətər
scandal;ˈskændəl
brave;breɪv
constituent;kənˈstɪʧuənt
firstly;ˈfərstli
remainder;rɪˈmeɪndər
striking;ˈstraɪkɪŋ
liver;ˈlɪvər
sooner;ˈsunər
substantially;səbˈstænʃəli
translation;trænzˈleɪʃən
boom;bum
concrete;ˈkɑnkrit
intensity;ˌɪnˈtɛnsɪti
mild;maɪld
rating;ˈreɪtɪŋ
accuracy;ˈækjərəsi
ace;eɪs
interim;ˈɪnərəm
tray;treɪ
compulsory;kəmˈpəlsəri
fancy;ˈfænsi
envelope;ˈɛnvəˌloʊp
venue;ˈvɛnju
contest;ˈkɑntɛst
supervision;ˌsupərˈvɪʒən
criticize;ˈkrɪtɪˌsaɪz
rescue;ˈrɛskju
chronic;ˈkrɑnɪk
nightmare;ˈnaɪtˌmɛr
regret;rɪˈgrɛt
lonely;ˈloʊnli
advocate;ˈædvəˌkeɪt
doorway;ˈdɔrˌweɪ
packet;ˈpækɪt
photographer;fəˈtɑgrəfər
matrix;ˈmeɪtrɪks
payable;ˈpeɪəbəl
systematic;ˌsɪstəˈmætɪk
Brazil;brəˈzɪl
sensitivity;ˌsɛnsɪˈtɪvɪti
counterpart;ˈkaʊntərˌpɑrt
hook;hʊk
intervene;ˌɪntərˈvin
fighter;ˈfaɪtər
politically;ˈplɪtɪkli
pint;paɪnt
orchestra;ˈɔrkəstrə
carer;ˈkɛrər
relevance;ˈrɛləvəns
exclusively;ɪkˈsklusɪvli
safely;ˈseɪfli
republican;rɪˈpəblɪkən
similarity;ˌsɪməˈlɛrəti
delicate;ˈdɛləkət
harsh;hɑrʃ
knight;naɪt
ours;ɑrz
monster;ˈmɑnstər
questionnaire;kˌwɛsʧəˈnɛr
archbishop;ˈɑrʧˈbɪʃəp
jaw;ʤɔ
monitoring;ˈmɑnətərɪŋ
descend;dɪˈsɛnd
strand;strænd
Sweden;sˈwidən
horn;hɔrn
forecast;ˈfɔrˌkæst
magic;ˈmæʤɪk
diamond;ˈdaɪmənd
edit;ˈɛdət
neighbourhood;ˈneɪbərˌhʊd
panic;ˈpænɪk
estimated;ˈɛstəˌmeɪtɪd
midlands;ˈmɪˌdlændz
starting;ˈstɑrtɪŋ
equilibrium;ˌikwəˈlɪbriəm
fierce;fɪrs
rice;raɪs
upset;ˈəpˌsɛt
guilt;gɪlt
sterling;ˈstərlɪŋ
hostility;hɑˈstɪləti
upwards;ˈəpwərdz
thief;θif
tribute;ˈtrɪbjut
metropolitan;ˌmɛtrəˈpɑlətən
besides;ˌbiˈsaɪdz
walking;ˈwɔkɪŋ
faculty;ˈfækəlti
surgeon;ˈsərʤɪn
assemble;əˈsɛmbəl
Greece;gris
debut;ˈdeɪbju
exclusion;ɪkˈskluʒən
exploration;ˌɛksplərˈeɪʃən
memorial;məˈmɔriəl
splendid;ˈsplɛndɪd
pardon;ˈpɑrdən
pity;ˈpɪti
stamp;stæmp
advisory;ædˈvaɪzəri
operational;ˌɑpərˈeɪʃənəl
midland;ˈmɪˌdlænd
socialism;ˈsoʊʃəˌlɪzəm
fascinating;ˈfæsəˌneɪtɪŋ
solely;ˈsoʊəli
surrounding;sərˈaʊndɪŋ
virgin;ˈvərʤɪn
dismissal;dɪsˈmɪsəl
disappointment;ˌdɪsəˈpɔɪntmənt
ideological;ˌaɪdiəˈlɑʤɪkəl
limb;lɪm
primitive;ˈprɪmɪtɪv
terminal;ˈtərmənəl
orange;ˈɔrɪnʤ
bronze;brɑnz
technological;ˌtɛknəˈlɑʤɪkəl
geography;ʤiˈɑgrəfi
embrace;ɪmˈbreɪs
conceal;kənˈsil
obliged;əˈblaɪʤd
deck;dɛk
contrary;ˈkɑntrɛri
explode;ɪkˈsploʊd
recipe;ˈrɛsəpi
sponsor;ˈspɑnsər
decrease;ˈdiˌkris
Hollywood;ˈhɑliˌwʊd
adjacent;əˈʤeɪsənt
deem;dim
peer;pɪr
owl;aʊl
accessible;ækˈsɛsəbəl
consistently;kənˈsɪstəntli
decorate;ˈdɛkərˌeɪt
happiness;ˈhæpinəs
tightly;ˈtaɪtli
beam;bim
legend;ˈlɛʤənd
arrow;ˈɛroʊ
Mexico;ˈmɛksəˌkoʊ
reservation;ˌrɛzərˈveɪʃən
reproduce;ˌriprəˈdus
slave;sleɪv
steadily;ˈstɛdəli
medal;ˈmɛdəl
grasp;græsp
ridge;rɪʤ
sanction;ˈsæŋkʃən
transmission;trænzˈmɪʃən
endorse;ɛnˈdɔrs
toe;toʊ
competence;ˈkɑmpətɪns
fold;foʊld
hostile;ˈhɑstəl
contemplate;ˈkɑntəmˌpleɪt
gay;geɪ
provincial;prəˈvɪnʃəl
coincide;ˌkoʊɪnˈsaɪd
fortunately;ˈfɔrʧənətli
tumour;tumour*
broadcasting;ˈbrɔdˌkæstɪŋ
horrible;ˈhɔrəbəl
keeper;ˈkipər
peaceful;ˈpisfəl
poster;ˈpoʊstər
inhabitant;ˌɪnˈhæbɪtənt
respondent;rɪˈspɑndənt
blanket;ˈblæŋkɪt
commerce;ˈkɑmərs
dolphin;ˈdɑlfən
geographical;ˌʤiəˈgræfɪkəl
trophy;ˈtroʊfi
handsome;ˈhænsəm
derby;ˈdərbi
drain;dreɪn
dynamic;daɪˈnæmɪk
sauce;sɔs
stitch;stɪʧ
supermarket;ˈsupərˌmɑrkɪt
contractor;ˈkɑnˌtræktər
elite;ɪˈlit
breakdown;ˈbreɪkˌdaʊn
isolated;ˈaɪsəˌleɪtɪd
super;ˈsupər
flash;flæʃ
chaos;keɪɑs
ad;æd
frustration;frəˈstreɪʃən
coffin;ˈkɔfɪn
economist;ɪˈkɑnəmɪst
script;skrɪpt
impressed;ˌɪmˈprɛst
predecessor;ˈprɛdəˌsɛsər
verdict;ˈvərdɪkt
workforce;ˈwərkˌfɔrs
indirect;ˌɪndərˈɛkt
forthcoming;ˈfɔrθˈkəmɪŋ
broadly;ˈbrɔdli
recruitment;rɪˈkrutmənt
sue;su
precious;ˈprɛʃəs
publicly;ˈpəblɪkli
adoption;əˈdɑpʃən
eve;iv
founder;ˈfaʊndər
notable;ˈnoʊtəbəl
undertaking;ˈəndərˌteɪkɪŋ
dining;ˈdaɪnɪŋ
utility;juˈtɪləti
determined;dɪˈtərmənd
nowadays;ˈnaʊəˌdeɪz
scarcely;ˈskɛrsli
correspondence;ˌkɔrəˈspɑndəns
biscuit;ˈbɪskət
blade;bleɪd
container;kənˈteɪnər
classify;ˈklæsəˌfaɪ
confess;kənˈfɛs
electron;ˌɪˈlɛktrɑn
flood;fləd
freely;ˈfrili
atom;ˈætəm
ruler;ˈrulər
fitness;ˈfɪtnəs
antibody;ˈæntɪˌbɑdi
chin;ʧɪn
downstairs;ˈdaʊnˈstɛrz
Holland;ˈhɑlənd
barn;bɑrn
definite;ˈdɛfənət
rally;ˈræli
cab;kæb
marshall;ˈmɑrʃəl
evil;ˈivəl
excited;ɪkˈsaɪtɪd
formulate;ˈfɔrmjəˌleɪt
smart;smɑrt
unfortunate;ənˈfɔrʧənət
dump;dəmp
conjunction;kənˈʤəŋkʃən
shield;ʃild
exam;ɪgˈzæm
hitherto;ˈhɪˌðərˈtu
nonsense;ˈnɑnsɛns
prediction;priˈdɪkʃən
hut;hət
terror;ˈtɛrər
wisdom;ˈwɪzdəm
boring;ˈbɔrɪŋ
execution;ˌɛksəˈkjuʃən
workstation;ˈwərkˌsteɪʃən
collar;ˈkɑlər
prevention;priˈvɛnʃən
advertise;ˈædvərˌtaɪz
sleeve;sliv
prey;preɪ
referendum;ˌrɛfərˈɛndəm
cooking;ˈkʊkɪŋ
submission;səbˈmɪʃən
neutral;ˈnutrəl
artistic;ɑrˈtɪstɪk
wealthy;ˈwɛlθi
pie;paɪ
seal;sil
circulation;ˈsərkjəˌleɪʃən
helicopter;ˈhɛlɪˌkɑptər
magnetic;mægˈnɛtɪk
regardless;rəˈgɑrdləs
cling;klɪŋ
cutting;ˈkətɪŋ
endless;ˈɛndləs
equality;ɪkˈwɑləti
scatter;ˈskætər
invariably;ˌɪnˈvɛriəbli
lively;ˈlaɪvli
suspension;səˈspɛnʃən
grandfather;ˈgrænˌfɑðər
hedge;hɛʤ
prejudice;ˈprɛʤədɪs
candle;ˈkændəl
oven;ˈəvən
hazard;ˈhæzərd
impress;ˌɪmˈprɛs
comedy;ˈkɑmədi
miracle;ˈmɪrəkəl
Norway;ˈnɔrˌweɪ
petition;pəˈtɪʃən
affection;əˈfɛkʃən
shelter;ˈʃɛltər
handling;ˈhændəlɪŋ
instantly;ˈɪnstəntli
Switzerland;sˈwɪtsərlənd
alteration;ˌɔltərˈeɪʃən
dispose;dɪˈspoʊz
mature;məˈʧʊr
tile;taɪl
commence;kəˈmɛns
differently;ˈdɪfərˈɛntli
tempt;tɛmpt
vanish;ˈvænɪʃ
drum;drəm
signature;ˈsɪgnəʧər
bureaucracy;bjʊˈrɑkrəsi
ambitious;æmˈbɪʃəs
dramatically;drəˈmætɪkəli
elbow;ˈɛlˌboʊ
ham;hæm
liquid;ˈlɪkwɪd
segment;ˌsɛgˈmɛnt
verbal;ˈvərbəl
terrorist;ˈtɛrərɪst
bloke;bloʊk
brass;bræs
desktop;ˈdɛskˌtɑp
legitimate;ləˈʤɪtəmət
dissolve;dɪˈzɑlv
defect;ˈdifɛkt
drunk;drəŋk
enclose;ɪnˈkloʊz
portion;ˈpɔrʃən
washing;ˈwɑʃɪŋ
well-known;ˈwɛlˈnoʊn
nut;nət
awkward;ˈɔkwərd
ladder;ˈlædər
pump;pəmp
suite;swit
discharge;ˈdɪsˌʧɑrʤ
bow;boʊ
drawer;drɔr
embassy;ˈɛmbəsi
socially;ˈsoʊʃəli
stiff;stɪf
Brussels;ˈbrəsəlz
commodity;kəˈmɑdəti
vein;veɪn
straw;strɔ
composer;kəmˈpoʊzər
disturbance;dɪˈstərbəns
elephant;ˈɛləfənt
empirical;ˌɛmˈpɪrɪkəl
beef;bif
supplement;ˌsəpləˈmɛnt
abortion;əˈbɔrʃən
certainty;ˈsərtənti
odds;ɑdz
marble;ˈmɑrbəl
praise;preɪz
actively;ˈæktɪvli
plea;pli
tent;tɛnt
voting;ˈvoʊtɪŋ
colonial;kəˈloʊniəl
sympathetic;ˌsɪmpəˈθɛtɪk
log;lɔg
basin;ˈbeɪsən
lap;læp
electronics;ˌɪˌlɛkˈtrɑnɪks
regiment;ˈrɛʤəmənt
encouragement;ɛnˈkərɪʤmənt
erect;ɪˈrɛkt
lounge;laʊnʤ
tobacco;təˈbæˌkoʊ
administrator;ədˈmɪnɪˌstreɪtər
creep;krip
destination;ˌdɛstɪˈneɪʃən
handicap;ˈhændiˌkæp
qualified;kˈwɑləˌfaɪd
contradiction;ˌkɑntrəˈdɪkʃən
distress;dɪˈstrɛs
pulse;pəls
ulcer;ˈəlsər
ballet;bæˈleɪ
runner;ˈrənər
fist;fɪst
wolf;wʊlf
Netherlands;ˈnɛðərləndz
custody;ˈkəstədi
halt;hɔlt
seldom;ˈsɛldəm
supper;ˈsəpər
auction;ˈɔkʃən
shallow;ˈʃæloʊ
depict;dɪˈpɪkt
integrity;ˌɪnˈtɛgrəti
added;ˈædɪd
naval;ˈneɪvəl
tomato;təˈmɑˌtoʊ
remarkably;rɪˈmɑrkəbli
manual;ˈmænjuəl
mining;ˈmaɪnɪŋ
restraint;rɪˈstreɪnt
tourism;ˈtʊˌrɪzəm
favourable;favourable*
mid;mɪd
mobility;moʊˈbɪlɪti
rejection;rɪˈʤɛkʃən
rightly;ˈraɪtli
shared;ʃɛrd
polish;ˈpɑlɪʃ
Hungary;ˈhəŋgəri
takeover;ˈteɪˌkoʊvər
charm;ʧɑrm
lump;ləmp
quid;kwɪd
seventh;ˈsɛvənθ
worthwhile;ˈwərθˈwaɪl
bowel;baʊəl
depressed;dɪˈprɛst
drinking;ˈdrɪŋkɪŋ
imprisonment;ˌɪmˈprɪzənmənt
absent;ˈæbsənt
reportedly;rɪˈpɔrtədli
mask;mæsk
thigh;θaɪ
academy;əˈkædəmi
smash;smæʃ
ferry;ˈfɛri
cluster;ˈkləstər
zero;ˈziroʊ
marsh;mɑrʃ
maturity;məˈʧʊrəti
reduced;rɪˈdust
precede;prɪˈsid
vague;veɪg
originate;ərˈɪʤəˌneɪt
referee;ˌrɛfərˈi
valuation;væljuˈeɪʃən
handful;ˈhændˌfʊl
honey;ˈhəni
goodness;ˈgʊdnɪs
corruption;kərˈəpʃən
clarify;ˈklɛrəˌfaɪ
racial;ˈreɪʃəl
profound;proʊˈfaʊnd
developed;dɪˈvɛləpt
inequality;ˌɪnɪkˈwɑləti
banker;ˈbæŋkər
arsenal;ˈɑrsənəl
shadows;ˈʃæˌdoʊz
faction;ˈfækʃən
fortnight;ˈfɔrtˌnaɪt
spine;spaɪn
treasure;ˈtrɛʒər
amend;əˈmɛnd
heath;hiθ
lodge;lɑʤ
evidently;ˈɛvədəntli
inspect;ˌɪnˈspɛkt
selected;səˈlɛktɪd
coastal;ˈkoʊstəl
parking;ˈpɑrkɪŋ
salmon;ˈsæmən
taxpayer;ˈtækˌspeɪər
tighten;ˈtaɪtən
diesel;ˈdizəl
ritual;ˈrɪʧuəl
thereafter;ðɛˈræftər
Canadian;kəˈneɪdiən
habitat;ˈhæbəˌtæt
interference;ˌɪnərˈfɪrəns
compensate;ˈkɑmpənˌseɪt
corresponding;ˌkɔrəˈspɑndɪŋ
grandmother;ˈgrændˌməðər
squadron;skˈwɑdrən
ankle;ˈæŋkəl
graph;græf
powder;ˈpaʊdər
conscience;ˈkɑnʃəns
fossil;ˈfɑsəl
lecturer;ˈlɛkʧərər
migration;maɪˈgreɪʃən
missing;ˈmɪsɪŋ
extended;ɪkˈstɛndɪd
slice;slaɪs
booking;ˈbʊkɪŋ
enthusiastic;ɪnˌθuziˈæstɪk
feminist;ˈfɛmənɪst
relieve;rɪˈliv
diversity;dɪˈvərsɪti
spoil;spɔɪl
applicable;ˈæpləkəbəl
soap;soʊp
circulate;ˈsərkjəˌleɪt
bacon;ˈbeɪkən
remains;rɪˈmeɪnz
rigid;ˈrɪʤɪd
barrel;ˈbɛrəl
planned;plænd
decision-making;dɪˈsɪʒənˌmeɪkɪŋ
soup;sup
expedition;ˌɛkspəˈdɪʃən
fare;fɛr
making;ˈmeɪkɪŋ
yacht;jɑt
accurately;ˈækjərətli
crude;krud
dioxide;daɪˈɑkˌsaɪd
suffering;ˈsəfərɪŋ
monk;məŋk
quota;kˈwoʊtə
trail;treɪl
bacterium;bækˈtɪriəm
breeze;briz
characterise;characterise*
tremble;ˈtrɛmbəl
revelation;ˌrɛvəˈleɪʃən
widen;ˈwaɪdən
activate;ˈæktəˌveɪt
collaboration;kəˌlæbərˈeɪʃən
onwards;ˈɑnwərdz
shocked;ʃɑkt
stem;stɛm
wrist;rɪst
manufacture;ˌmænjəˈfækʧər
punch;pənʧ
comparative;kəmˈpærətɪv
highway;ˈhaɪˌweɪ
melt;mɛlt
immense;ˌɪˈmɛns
motorway;motorway*
protocol;ˈproʊtəˌkɔl
salad;ˈsæləd
covenant;ˈkəvənənt
dancer;ˈdænsər
honestly;ˈɑnəstli
peculiar;pɪˈkjuljər
sexuality;ˌsɛkʃuˈæləti
beneficial;ˌbɛnəˈfɪʃəl
grief;grif
pin;pɪn
relaxed;rɪˈlækst
bold;boʊld
psychologist;saɪˈkɑləʤəst
ambassador;æmˈbæsədər
Swiss;swɪs
verb;vərb
headline;ˈhɛˌdlaɪn
outlet;ˈaʊˌtlɛt
waist;weɪst
whoever;huˈɛvər
albeit;ɔlˈbiɪt
diminish;dɪˈmɪnɪʃ
substitute;ˈsəbstəˌtut
enquire;ɪnkˈwaɪər
genuinely;ˈʤɛnjuˌaɪnli
independently;ˌɪndɪˈpɛndəntli
layout;leɪaʊt
inspiration;ˌɪnspərˈeɪʃən
pencil;ˈpɛnsəl
weaken;ˈwikən
cruel;kruəl
minimal;ˈmɪnəməl
resulting;rɪˈzəltɪŋ
stall;stɔl
obstacle;ˈɑbstəkəl
ugly;ˈəgli
mobile;ˈmoʊbəl
plunge;plənʤ
summon;ˈsəmən
transmit;trænzˈmɪt
compile;kəmˈpaɪl
dilemma;dɪˈlɛmə
practically;ˈpræktɪkəli
injection;ˌɪnˈʤɛkʃən
registered;ˈrɛʤɪstərd
rug;rəg
allied;ˈæˌlaɪd
dreadful;ˈdrɛdfəl
entertain;ˌɛnərˈteɪn
productive;pərˈdəktɪv
shed;ʃɛd
suppress;səˈprɛs
continuity;ˌkɑntəˈnuəti
retailer;ˈriˌteɪlər
revision;riˈvɪʒən
dealing;ˈdilɪŋ
bucket;ˈbəkɪt
depart;dɪˈpɑrt
passive;ˈpæsɪv
shepherd;ˈʃɛpərd
kilometre;ˌkɪˈlɔˌmətər
neglect;nɪˈglɛkt
manuscript;ˈmænjəˌskrɪpt
bat;bæt
bias;baɪəs
diameter;daɪˈæmətər
lawn;lɔn
tyre;taɪər
eager;ˈigər
butler;ˈbətlər
symbolic;sɪmˈbɑlɪk
Belgium;ˈbɛlʤəm
entail;ɛnˈteɪl
moderate;ˈmɑdərˌeɪt
validity;vəˈlɪdɪti
porter;ˈpɔrtər
statue;ˈstæˌʧu
compact;ˈkɑmpækt
fatal;ˈfeɪtəl
frontier;frənˈtɪr
viewer;vjuər
arouse;əraʊz
clergy;ˈklərʤi
Denmark;ˈdɛnˌmɑrk
tuck;tək
decoration;ˌdɛkərˈeɪʃən
driving;ˈdraɪvɪŋ
librarian;laɪˈbrɛˌriən
occurrence;əˈkərəns
timetable;ˈtaɪmˌteɪbəl
wicket;ˈwɪkət
enforcement;ɛnˈfɔrsmənt
meantime;ˈminˌtaɪm
neighbouring;ˈneɪbərɪŋ
monument;ˈmɑnjəmənt
gospel;ˈgɔspəl
profitable;ˈprɑfətəbəl
lifestyle;ˈlaɪfˌstaɪl
molecular;məˈlɛkjələr
worship;ˈwərʃɪp
commentator;ˈkɑmənˌteɪtər
thumb;θəm
privatisation;ˈpraɪvətəˈzeɪʃən
rear;rɪr
donation;doʊˈneɪʃən
dwelling;dˈwɛlɪŋ
lemon;ˈlɛmən
managerial;ˌmænɪˈʤɪriəl
telecommunication;ˌtɛləkəmˌjunɪˈkeɪʃən
turkish;ˈtərkɪʃ
girlfriend;ˈgərlˌfrɛnd
embark;ɪmˈbɑrk
predator;ˈprɛdətər
steward;stuərd
canvas;ˈkænvəs
learner;ˈlərnər
olympic;oʊˈlɪmpɪk
thrust;θrəst
charming;ˈʧɑrmɪŋ
drown;draʊn
irrelevant;ˌɪˈrɛləvənt
linear;ˈlɪniər
deprive;dɪˈpraɪv
eligible;ˈɛlɪʤəbəl
glove;gləv
heir;ɛr
insufficient;ˌɪnsəˈfɪʃənt
counselling;counselling*
popularity;ˌpɑpjəˈlɛrəti
sixties;ˈsɪkstiz
loyal;lɔɪəl
overwhelming;ˌoʊvərˈwɛlmɪŋ
uncomfortable;ənˈkəmfərtəbəl
configuration;kənˌfɪgjərˈeɪʃən
woodland;ˈwʊˌdlænd
warehouse;ˈwɛˌrhaʊs
probe;proʊb
revive;rɪˈvaɪv
distinguished;dɪˈstɪŋgwɪʃt
prospective;prəˈspɛktɪv
sufferer;ˈsəfərər
tribe;traɪb
fiscal;ˈfɪskəl
parental;pərˈɛntəl
serum;ˈsɪrəm
soccer;ˈsɑkər
bored;bɔrd
borrowing;ˈbɑroʊɪŋ
semantic;sɪˈmæntɪk
blank;blæŋk
forwards;ˈfɔrwərdz
swan;swɔn
printed;ˈprɪnɪd
manipulate;məˈnɪpjəˌleɪt
pence;pɛns
offering;ˈɔfərɪŋ
patent;ˈpætənt
diverse;dɪˈvərs
greater;ˈgreɪtər
brochure;broʊˈʃʊr
lordship;ˈlɔrdʃɪp
noble;ˈnoʊbəl
bang;bæŋ
reactor;riˈæktər
gardener;ˈgɑrdənər
loop;lup
appreciation;əˌpriʃiˈeɪʃən
bunch;bənʧ
importantly;ˌɪmˈpɔrtəntli
Vienna;viˈɛnə
whale;weɪl
harmony;ˈhɑrməni
spill;spɪl
beast;bist
continually;kənˈtɪnjuəli
senate;ˈsɛnɪt
supervise;ˈsupərˌvaɪz
inherent;ˌɪnˈhɛrənt
make-up;ˈmeɪˌkəp
tiger;ˈtaɪgər
vitamin;ˈvaɪtəmən
positively;ˈpɑzətɪvli
reassure;ˌriəˈʃʊr
suspicious;səˈspɪʃəs
forbid;fərˈbɪd
usage;ˈjusɪʤ
compliance;kəmˈplaɪəns
feedback;ˈfidˌbæk
selective;səˈlɛktɪv
node;noʊd
obey;oʊˈbeɪ
width;wɪdθ
elaborate;ɪˈlæbərˌeɪt
syndrome;ˈsɪnˌdroʊm
utterance;ˈətərəns
cage;keɪʤ
intermediate;ˌɪnərˈmidiɪt
varied;ˈvɛrid
Islamic;ˌɪzˈlɑmɪk
nonetheless;ˌnənðəˈlɛs
realm;rɛlm
convict;ˈkɑnvɪkt
embarrassment;ɪmˈbɛrəsmənt
caution;ˈkɔʃən
activist;ˈæktɪvɪst
cooperation;kˌwɔpərˈeɪʃən
rebuild;riˈbɪld
exemption;ɪgˈzɛmpʃən
calm;kɑm
dedicate;ˈdɛdəˌkeɪt
explicitly;ɪkˈsplɪsətli
ozone;ˈoʊˌzoʊn
philosophical;ˌfɪləˈsɑfɪkəl
archive;ˈɑrˌkaɪv
grid;grɪd
misery;ˈmɪzəri
mysterious;mɪˈstɪriəs
partially;ˈpɑrʃəli
nursing;ˈnərsɪŋ
outsider;aʊtˈsaɪdər
punish;ˈpənɪʃ
lid;lɪd
feather;ˈfɛðər
lab;læb
membrane;ˈmɛmˌbreɪn
exploitation;ˌɛkˌsplɔɪˈteɪʃən
characterize;ˈkɛrɪktərˌaɪz
promoter;prəˈmoʊtər
slam;slæm
trainee;ˈtreɪˈni
disagree;dɪsəˈgri
neatly;ˈnitli
calendar;ˈkæləndər
burning;ˈbərnɪŋ
dignity;ˈdɪgnəti
negligence;ˈnɛglɪʤəns
promising;ˈprɑməsɪŋ
laser;ˈleɪzər
printing;ˈprɪnɪŋ
textile;ˈtɛkˌstaɪl
Austria;ˈɔstriə
dependence;dɪˈpɛndəns
chat;ʧæt
invention;ˌɪnˈvɛnʃən
cabin;ˈkæbən
erosion;ɪˈroʊʒən
caravan;ˈkɛrəˌvæn
deliberate;dɪˈlɪbərˌeɪt
fitting;ˈfɪtɪŋ
vocabulary;voʊˈkæbjəˌlɛri
relaxation;ˌrilækˈseɪʃən
repeatedly;rɪˈpitɪdli
temper;ˈtɛmpər
tender;ˈtɛndər
aspiration;ˌæspərˈeɪʃən
fortunate;ˈfɔrʧənət
reproduction;ˌriprəˈdəkʃən
dictate;ˈdɪkˌteɪt
tablet;ˈtæblət
temporarily;ˌtɛmpərˈɛrəli
worthy;ˈwərði
aggression;əˈgrɛʃən
shooting;ˈʃutɪŋ
furious;fˈjʊriəs
inheritance;ˌɪnˈhɛrətəns
intent;ˌɪnˈtɛnt
protective;prəˈtɛktɪv
underline;ˈəndərˌlaɪn
cylinder;ˈsɪlɪndər
despair;dɪˈspɛr
eighth;eɪθ
fling;flɪŋ
eyebrow;ˈaɪˌbraʊ
sunshine;ˈsənˌʃaɪn
throne;θroʊn
actress;ˈæktrəs
brigade;brɪˈgeɪd
garment;ˈgɑrmənt
boyfriend;ˈbɔɪˌfrɛnd
surplus;ˈsərpləs
confer;kənˈfər
eating;ˈitɪŋ
misleading;mɪsˈlidɪŋ
quarry;kˈwɔri
useless;ˈjusləs
testament;ˈtɛstəmənt
hidden;ˈhɪdən
sacred;ˈseɪkrɪd
array;əreɪ
calcium;ˈkælsiəm
inclined;ˌɪnˈklaɪnd
minus;ˈmaɪnəs
deed;did
headmaster;ˈhɛdˈmæstər
solar;ˈsoʊlər
utterly;ˈətərli
arch;ɑrʧ
confuse;kənfˈjuz
regain;rɪˈgeɪn
unpleasant;ənˈplɛzənt
gravel;ˈgrævəl
prescribe;prəˈskraɪb
mathematical;ˌmæθəˈmætɪkəl
defensive;dɪˈfɛnsɪv
predominantly;ˌprɪˈdɑmənənˌtli
skull;skəl
architectural;ˌɑrkəˈtɛkʧərəl
betray;bɪˈtreɪ
bride;braɪd
dragon;ˈdrægən
guerrilla;gərˈɪlə
inappropriate;ˌɪnəˈproʊpriɪt
merge;mərʤ
contempt;kənˈtɛmpt
revival;rɪˈvaɪvəl
shaft;ʃæft
sponsorship;ˈspɑnsərˌʃɪp
booklet;ˈbʊklɪt
circular;ˈsərkjələr
divine;dɪˈvaɪn
referral;rɪˈfərəl
slim;slɪm
carol;ˈkɛrəl
trigger;ˈtrɪgər
ancestor;ˈænˌsɛstər
embarrassed;ɪmˈbɛrəst
motif;moʊˈtif
emergence;ˈimərʤəns
jeans;ʤinz
persistent;pərˈsɪstənt
attain;əˈteɪn
jewellery;jewellery*
reminder;riˈmaɪndər
controller;kənˈtroʊlər
enzyme;ˈɛnˌzaɪm
intake;ˈɪnˌteɪk
marker;ˈmɑrkər
temptation;tɛmˈteɪʃən
surroundings;sərˈaʊndɪŋz
broadcast;ˈbrɔdˌkæst
morality;ˌmɔˈræləˌti
selling;ˈsɛlɪŋ
spatial;ˈspeɪʃəl
stuck;stək
synthesis;ˈsɪnθəsəs
Santa;ˈsænə
scrutiny;ˈskrutəni
bee;bi
forehead;ˈfɔrhɛd
herb;ərb
illusion;ˌɪˈluʒən
accountability;əˈkaʊntəˌbɪlɪti
bargaining;ˈbɑrgɪnɪŋ
binding;ˈbaɪndɪŋ
lace;leɪs
proclaim;proʊˈkleɪm
chemist;ˈkɛmɪst
fusion;fˈjuʒən
worm;wərm
outlook;ˈaʊˌtlʊk
renew;rɪˈnu
fringe;frɪnʤ
unacceptable;ˌənækˈsɛptəbəl
competent;ˈkɑmpətɪnt
conform;kənˈfɔrm
toxic;ˈtɑksɪk
disclosure;dɪˈskloʊʒər
mammal;ˈmæməl
metaphor;ˈmɛtəfɔr
narrative;ˈnɛrətɪv
optimistic;ˌɑptɪˈmɪstɪk
inclusion;ˌɪnˈkluʒən
respective;rɪˈspɛktɪv
sack;sæk
intact;ˌɪnˈtækt
integral;ˈɪnəgrəl
onion;ˈənjən
mosaic;moʊˈzeɪɪk
bile;baɪl
bounce;baʊns
doubtful;ˈdaʊtfəl
embody;ɪmˈbɑdi
sunlight;ˈsənˌlaɪt
toss;tɔs
sickness;ˈsɪknəs
beautifully;ˈbjutəfli
compel;kəmˈpɛl
easier;ˈiziər
exert;ɪgˈzərt
sovereignty;ˈsɑvrənti
parcel;ˈpɑrsəl
towel;taʊəl
confrontation;ˌkɑnfrənˈteɪʃən
fertility;fərˈtɪlɪti
legacy;ˈlɛgəsi
permanently;ˈpərmɑˌnɛnˌtli
convincing;kənˈvɪnsɪŋ
follower;ˈfɑloʊər
inhibit;ˌɪnˈhɪbət
max;mæks
recorder;rɪˈkɔrdər
documentation;ˌdɑkjəmɛnˈteɪʃən
foreigner;ˈfɔrənər
gravity;ˈgrævɪti
amateur;ˈæməˌʧər
crush;krəʃ
devoted;dɪˈvoʊtɪd
exile;ˈɛkˌsaɪl
redundant;rɪˈdəndənt
smoking;sˈmoʊkɪŋ
specified;ˈspɛsəˌfaɪd
backing;ˈbækɪŋ
cognitive;ˈkɑgnɪtɪv
invisible;ˌɪnˈvɪzəbəl
motivate;ˈmoʊtəˌveɪt
orientation;ˌɔriɛnˈteɪʃən
thread;θrɛd
bullet;ˈbʊlət
congregation;ˌkɑŋgrəˈgeɪʃən
humanity;juˈmænɪti
philosopher;fəˈlɑsəfər
regulatory;ˈrɛgjələˌtɔri
tragic;ˈtræʤɪk
portray;pɔrˈtreɪ
reconstruction;ˌrikənˈstrəkʃən
boxing;ˈbɑksɪŋ
decisive;dɪˈsaɪsɪv
hydrogen;ˈhaɪdrəʤən
incredible;ˌɪnˈkrɛdəbəl
complication;ˌkɑmpləˈkeɪʃən
crossing;ˈkrɔsɪŋ
openly;ˈoʊpənli
snake;sneɪk
choir;kwaɪər
corn;kɔrn
knot;nɑt
census;ˈsɛnsəs
mistress;ˈmɪstrəs
boast;boʊst
territorial;ˌtɛrɪˈtɔriəl
awake;əˈweɪk
multiply;ˈməltəˌplaɪ
hampshire;ˈhæmʃər
horizontal;ˌhɔrəˈzɑntəl
inland;ˈɪnˌlænd
seemingly;ˈsimɪŋli
mist;mɪst
bargain;ˈbɑrgɪn
planner;ˈplænər
likelihood;ˈlaɪkliˌhʊd
rage;reɪʤ
privately;ˈpraɪvətli
texture;ˈtɛksʧər
Korean;ˌkɔˈriən
locomotive;ˌloʊkəˈmoʊtɪv
probable;ˈprɑbəbəl
adverse;ˌædˈvərs
fame;feɪm
appraisal;əˈpreɪzəl
bass;bæs
apology;əˈpɑləˌʤi
baron;ˈbɛrən
dislike;dɪsˈlaɪk
respectable;rɪˈspɛktəbəl
cleaning;ˈklinɪŋ
divert;dɪˈvərt
jail;ʤeɪl
willingness;ˈwɪlɪŋnəs
cheer;ʧɪr
gathering;ˈgæðərɪŋ
grouping;ˈgrupɪŋ
likewise;ˈlaɪkˌwaɪz
queue;kju
ideally;aɪˈdili
civilian;səˈvɪljən
comparatively;kəmˈpærətɪvˌli
outbreak;ˈaʊtˌbreɪk
penetrate;ˈpɛnəˌtreɪt
precedent;ˈprɛsɪdənt
parker;ˈpɑrkər
presidency;ˈprɛzɪdənsi
boil;bɔɪl
bolt;boʊlt
prevail;prɪˈveɪl
revise;rɪˈvaɪz
precision;priˈsɪʒən
swiftly;sˈwɪftli
confirmation;ˌkɑnfərˈmeɪʃən
mechanic;mɪˈkænɪk
seventeenth;ˈsɛvənˈtinθ
gothic;ˈgɑθɪk
frighten;ˈfraɪtən
rip;rɪp
worldwide;ˈwərldˈwaɪd
lengthy;ˈlɛŋθi
summarise;summarise*
dancing;ˈdænsɪŋ
jazz;ʤæz
orthodox;ˈɔrθəˌdɑks
patron;ˈpeɪtrən
terribly;ˈtɛrəbli
toward;təˈwɔrd
yarn;jɑrn
polymer;ˈpɑləmər
provider;prəˈvaɪdər
specialise;specialise*
sock;sɑk
differentiate;ˌdɪfərˈɛnʧiˌeɪt
Romania;roʊˈmeɪniə
surveyor;ˈsərˌveɪər
costly;ˈkɔstli
passing;ˈpæsɪŋ
overnight;ˈoʊvərˈnaɪt
pact;pækt
static;ˈstætɪk
clutch;kləʧ
viewpoint;vˈjuˌpɔɪnt
compatible;kəmˈpætəbəl
goat;goʊt
accumulate;əˈkjumjəˌleɪt
abruptly;əˈbrəptli
causal;ˈkɔzəl
cleaner;ˈklinər
disagreement;dɪsəˈgrimənt
valve;vælv
abolition;ˌæbəˈlɪʃən
alike;əˈlaɪk
patience;ˈpeɪʃəns
presume;prɪˈzum
implicit;ˌɪmˈplɪsət
instant;ˈɪnstənt
reporting;rɪˈpɔrtɪŋ
wit;wɪt
scan;skæn
sketch;skɛʧ
tolerate;ˈtɑlərˌeɪt
jersey;ˈʤərzi
pill;pɪl
telegraph;ˈtɛləˌgræf
unionist;ˈjunjənəst
hammer;ˈhæmər
pepper;ˈpɛpər
amnesty;ˈæmnəsti
dip;dɪp
spectacle;ˈspɛktəkəl
alert;əˈlərt
aesthetic;ɛsˈθɛtɪk
old-fashioned;ˌoʊldˈfæʃənd
theology;θiˈɑləʤi
aggregate;ˈægrəgət
parade;pəreɪd
solo;ˈsoʊˌloʊ
surrender;sərˈɛndər
dual;duəl
subscription;səbˈskrɪpʃən
alpha;ˈælfə
fur;fər
subjective;səˈbʤɛktɪv
pine;paɪn
scratch;skræʧ
cart;kɑrt
spectator;ˈspɛkteɪtər
recipient;rɪˈsɪpiənt
weep;wip
adaptation;ˌædəpˈteɪʃən
butterfly;ˈbətərˌflaɪ
miserable;ˈmɪzərəbəl
adequately;ˈædəkwɪtli
surviving;sərˈvaɪvɪŋ
exhaust;ɪgˈzɔst
fond;fɑnd
protestant;ˈprɑtəstənt
repayment;riˈpeɪmənt
unaware;ˌənəˈwɛr
fantastic;fænˈtæstɪk
pronounce;prəˈnaʊns
keyboard;ˈkiˌbɔrd
unconscious;ˌənˈkɑnʃəs
curiosity;ˌkjʊriˈɑsəti
legally;ˈligəli
relieved;rɪˈlivd
landowner;ˈlænˌdoʊnər
threshold;θˈrɛˌʃoʊld
coventry;ˈkəvəntri
electorate;ɪˈlɛktərət
mercury;ˈmərkjəri
locality;loʊˈkæləti
repay;riˈpeɪ
terminate;ˈtərməˌneɪt
propaganda;ˌprɑpəˈgændə
renaissance;ˌrɛnəˈsɑns
discourage;dɪˈskərɪʤ
tenth;tɛnθ
costume;ˈkɑstum
ethical;ˈɛθɪkəl
fever;ˈfivər
photography;fəˈtɑgrəfi
placement;ˈpleɪsmənt
conspiracy;kənˈspɪrəsi
quit;kwɪt
sailor;ˈseɪlər
shiver;ˈʃɪvər
jointly;ˈʤɔɪntli
accusation;ˌækjəˈzeɪʃən
designate;ˈdɛzɪgˌneɪt
headache;ˈhɛˌdeɪk
sincerely;sɪnˈsɪrli
trunk;trəŋk
anonymous;əˈnɑnəməs
fashionable;ˈfæʃənəbəl
mercy;ˈmərsi
exotic;ɪgˈzɑtɪk
preservation;ˌprɛzərˈveɪʃən
rib;rɪb
snatch;snæʧ
hostage;ˈhɑstɪʤ
ignorance;ˈɪgnərəns
impulse;ˌɪmˈpəls
steer;stɪr
brow;braʊ
hay;heɪ
prosperity;prɑˈspɛrəti
quotation;kwoʊˈteɪʃən
suburb;ˈsəbərb
assertion;əˈsərʃən
large-scale;ˈlɑrʤˌskeɪl
maid;meɪd
polite;pəˈlaɪt
salvation;sælˈveɪʃən
teenage;ˈtiˌneɪʤ
apparatus;ˌæpərˈætəs
disastrous;dɪˈzæstrəs
solidarity;ˌsɑləˈdɛrəti
listener;ˈlɪsənər
insure;ˌɪnˈʃʊr
yell;jɛl
arena;ərˈinə
autonomous;ɔˈtɑnəməs
pad;pæd
trent;trɛnt
bicycle;ˈbaɪsɪkəl
omit;oʊˈmɪt
preach;priʧ
deadline;ˈdɛˌdlaɪn
exit;ˈɛksət
supervisor;ˈsupərˌvaɪzər
underground;ˈəndərˌgraʊnd
ballot;ˈbælət
performer;pərˈfɔrmər
query;kˈwiri
cautious;ˈkɔʃəs
dominance;ˈdɑmənəns
formulation;ˌfɔrmjəˈleɪʃən
scholarship;ˈskɑlərˌʃɪp
warrior;ˈwɔrjər
confidential;ˌkɑnfəˈdɛnʃəl
folly;ˈfɑli
hunger;ˈhəŋgər
balcony;ˈbælkəni
cure;kjʊr
foolish;ˈfulɪʃ
purple;ˈpərpəl
atomic;əˈtɑmɪk
bankruptcy;ˈbæŋkrəptsi
colourful;colourful*
scared;skɛrd
curl;kərl
delicious;dɪˈlɪʃəs
ending;ˈɛndɪŋ
inability;ˌɪnəˈbɪlɪti
racism;ˈreɪˌsɪzəm
thorough;θəroʊ
annually;ˈænjuəli
outfit;ˈaʊtˌfɪt
survivor;sərˈvaɪvər
courtesy;ˈkərtəsi
individually;ˌɪndɪˈvɪʤəli
prosecute;ˈprɑsəˌkjut
sediment;ˈsɛdəmənt
silently;ˈsaɪləntli
efficiently;ɪˈfɪʃəntli
injured;ˈɪnʤərd
cheerful;ˈʧɪrfəl
Portugal;ˈpɔrʧəgəl
reservoir;ˈrɛzəvˌwɑr
stool;stul
cherry;ˈʧɛri
drill;drɪl
genius;ˈʤinjəs
shah;ʃɑ
analogy;əˈnæləʤi
apologise;əˈpɑləˌʤaɪz
projection;prɑˈʤɛkʃən
balanced;ˈbælənst
fury;fˈjʊri
unchanged;ənˈʧeɪnʤd
frozen;ˈfroʊzən
immigration;ˌɪməˈgreɪʃən
bomber;ˈbɑmər
coherent;koʊˈhɪrənt
investigator;ˌɪnˈvɛstəˌgeɪtər
majesty;ˈmæʤəsti
harvest;ˈhɑrvəst
luxury;ˈləgʒəri
stadium;ˈsteɪdiəm
glorious;ˈglɔriəs
psychiatric;ˌsaɪkiˈætrɪk
biology;baɪˈɑləʤi
gasp;gæsp
lexical;ˈlɛksɪkəl
scent;sɛnt
counsel;ˈkaʊnsəl
dying;daɪɪŋ
renewal;rɪˈnuəl
endure;ɪnˈdʊr
evolutionary;ˌɛvəˈluʃəˌnɛri
disciplinary;ˈdɪsəpləˌnɛri
monkey;ˈməŋki
wardrobe;ˈwɔrˌdroʊb
arbitrary;ˈɑrbɪˌtrɛri
crawl;krɔl
Chicago;ʃəˈkɑˌgoʊ
frost;frɔst
insider;ˌɪnˈsaɪdər
mainframe;ˈmeɪnˌfreɪm
deficiency;dɪˈfɪʃənsi
memorandum;ˌmɛmərˈændəm
weave;wiv
doll;dɑl
broker;ˈbroʊkər
pony;ˈpoʊˌni
rising;ˈraɪzɪŋ
romance;ˈroʊmæns
delightful;dɪˈlaɪtfəl
amid;əˈmɪd
accelerate;ækˈsɛlərˌeɪt
descent;dɪˈsɛnt
fisherman;ˈfɪʃərˌmæn
pudding;ˈpʊdɪŋ
sporting;ˈspɔrtɪŋ
warrant;ˈwɔrənt
calf;kæf
cassette;kəˈsɛt
donor;ˈdoʊnər
haul;hɔl
lobby;ˈlɑbi
sweat;swɛt
greenhouse;ˈgrinˌhaʊs
accused;əˈkjuzd
bombing;ˈbɑmɪŋ
homeless;ˈhoʊmləs
ambiguity;ˌæmbɪˈgjuəti
hood;hʊd
programming;ˈproʊˌgræmɪŋ
sacrifice;ˈsækrəˌfaɪs
bless;blɛs
clarity;ˈklɛrɪti
torch;tɔrʧ
glimpse;glɪmps
resentment;rɪˈzɛntmənt
sentiment;ˈsɛnəmənt
liaison;liˈeɪˌzɑn
intimate;ˈɪnɪmət
islands;ˈaɪləndz
weird;wɪrd
formidable;ˌfɔrˈmɪdəbəl
shy;ʃaɪ
variant;ˈvɛriənt
copyright;ˈkɑpiˌraɪt
gradual;ˈgræʤuəl
flour;flaʊər
rebellion;rɪˈbɛljən
retired;rɪˈtaɪrd
preferred;prɪˈfərd
methodology;ˌmɛθəˈdɑləʤi
passport;ˈpæˌspɔrt
worrying;ˈwəriɪŋ
agreed;əˈgrid
bin;bɪn
dive;daɪv
furnish;ˈfərnɪʃ
grim;grɪm
outdoor;ˈaʊtˌdɔr
postpone;poʊstˈpoʊn
stride;straɪd
bladder;ˈblædər
ego;ˈigoʊ
rainbow;ˈreɪnˌboʊ
velocity;vəˈlɑsəti
coming;ˈkəmɪŋ
default;dɪˈfɔlt
patrol;pəˈtroʊl
co-ordinate;co-ordinate*
renewed;rɪˈnud
aluminium;ˌæˈljumɪnəm
bitterly;ˈbɪtərli
decree;dɪˈkri
exclaim;ɪkˈskleɪm
chosen;ˈʧoʊzən
murderer;ˈmərdərər
ruin;ruɪn
sofa;ˈsoʊfə
allegedly;əˈlɛʤədli
governing;ˈgəvərnɪŋ
pledge;plɛʤ
angrily;ˈæŋgrəli
bowler;ˈboʊlər
indirectly;ˌɪndərˈɛkˌtli
inflict;ˌɪnˈflɪkt
vocational;voʊˈkeɪʃənəl
axis;ˈæksəs
burial;ˈbɛriəl
newcomer;ˈnuˌkəmər
lieutenant;luˈtɛnənt
meadow;ˈmɛˌdoʊ
hatred;ˈheɪtrəd
mainland;ˈmeɪnˌlænd
repetition;ˌrɛpəˈtɪʃən
revenge;riˈvɛnʤ
ashamed;əˈʃeɪmd
flock;flɑk
injunction;ˌɪnˈʤəŋʃən
ion;aɪən
pillow;ˈpɪloʊ
brake;breɪk
dressing;ˈdrɛsɪŋ
organisational;organisational*
triangle;ˈtraɪˌæŋgəl
handicapped;ˈhændiˌkæpt
hemisphere;ˈhɛmɪsˌfɪr
incidentally;ˌɪnsɪˈdɛntəli
privacy;ˈpraɪvəsi
cult;kəlt
enjoyment;ˌɛnˈʤɔɪmənt
gray;greɪ
skipper;ˈskɪpər
wicked;ˈwɪkəd
monarchy;ˈmɑnɑrki
semi-final;semi-final*
sniff;snɪf
appetite;ˈæpəˌtaɪt
bracket;ˈbrækɪt
nuisance;ˈnusəns
vegetation;ˌvɛʤəˈteɪʃən